"customer_id","total_spent","avg_delivery_days","spend_quartile","segment_label"
"WB-21850","146","3.16",1,"VIP"
"JD-15895","143","3.87",1,"VIP"
"JL-15835","138","3.56",1,"VIP"
"SC-20725","133","3.58",1,"VIP"
"PP-18955","129","2.76",1,"VIP"
"EP-13915","124","4.39",1,"VIP"
"CK-12205","122","3.88",1,"VIP"
"CB-12025","122","4.27",1,"VIP"
"MA-17560","117","3.00",1,"VIP"
"EH-13765","117","4.35",1,"VIP"
"SH-19975","113","4.86",1,"VIP"
"NS-18640","113","3.69",1,"VIP"
"LC-16870","113","3.43",1,"VIP"
"CK-12595","108","2.72",1,"VIP"
"KL-16645","108","4.57",1,"VIP"
"SJ-20125","104","4.25",1,"VIP"
"AP-10915","102","4.74",1,"VIP"
"KB-16585","102","4.39",1,"VIP"
"RL-19615","101","3.96",1,"VIP"
"PK-19075","101","4.13",1,"VIP"
"LA-16780","100","3.60",1,"VIP"
"XP-21865","100","4.89",1,"VIP"
"BF-11170","99","4.36",1,"VIP"
"KM-16720","98","5.43",1,"VIP"
"ZC-21910","98","4.47",1,"VIP"
"SV-20365","98","4.29",1,"VIP"
"BH-11710","97","4.25",1,"VIP"
"CS-12250","97","3.57",1,"VIP"
"Dp-13240","97","3.93",1,"VIP"
"CL-12565","94","3.85",1,"VIP"
"SM-20950","94","4.27",1,"VIP"
"DR-12880","94","3.35",1,"VIP"
"AG-10495","93","3.90",1,"VIP"
"IM-15070","93","4.48",1,"VIP"
"GG-14650","92","4.08",1,"VIP"
"RB-19795","92","4.72",1,"VIP"
"AG-10900","92","3.29",1,"VIP"
"MS-17365","92","4.55",1,"VIP"
"JM-15250","91","3.89",1,"VIP"
"SV-20785","91","4.24",1,"VIP"
"EB-13750","91","4.05",1,"VIP"
"LC-16885","90","4.73",1,"VIP"
"JE-15745","90","3.61",1,"VIP"
"SN-20710","89","4.26",1,"VIP"
"MY-18295","89","4.10",1,"VIP"
"JK-15730","88","3.65",1,"VIP"
"BT-11680","88","4.80",1,"VIP"
"KH-16510","88","4.32",1,"VIP"
"AJ-10795","88","3.71",1,"VIP"
"EA-14035","87","3.56",1,"VIP"
"SS-20140","86","3.95",1,"VIP"
"DK-12835","86","3.78",1,"VIP"
"AH-10690","86","5.19",1,"VIP"
"AP-10720","85","4.00",1,"VIP"
"RB-19465","85","3.48",1,"VIP"
"GT-14710","85","4.46",1,"VIP"
"RD-19900","85","3.76",1,"VIP"
"KH-16630","84","4.06",1,"VIP"
"KL-16555","84","3.64",1,"VIP"
"JE-15715","84","3.80",1,"VIP"
"PG-18820","83","4.00",1,"VIP"
"BB-11545","83","4.35",1,"VIP"
"BM-11650","83","3.63",1,"VIP"
"DM-13015","83","2.00",1,"VIP"
"CC-12220","81","3.82",1,"VIP"
"DH-13075","81","3.83",1,"VIP"
"AS-10090","81","4.08",1,"VIP"
"KD-16495","80","4.37",1,"VIP"
"RP-19390","80","2.29",1,"VIP"
"JA-15970","80","4.35",1,"VIP"
"SC-20380","80","3.90",1,"VIP"
"SP-20860","80","4.38",1,"VIP"
"SC-20095","80","4.60",1,"VIP"
"GA-14725","79","4.59",1,"VIP"
"BN-11515","79","5.18",1,"VIP"
"SD-20485","79","3.85",1,"VIP"
"FM-14290","79","2.60",1,"VIP"
"MH-18115","79","4.91",1,"VIP"
"TB-21520","78","3.89",1,"VIP"
"MP-18175","78","3.79",1,"VIP"
"BF-11020","78","2.95",1,"VIP"
"PO-18850","78","3.86",1,"VIP"
"RD-19720","78","4.35",1,"VIP"
"VW-21775","77","5.06",1,"VIP"
"DK-13375","77","3.78",1,"VIP"
"SP-20620","77","3.88",1,"VIP"
"ES-14080","77","3.80",1,"VIP"
"MP-17470","77","3.00",1,"VIP"
"NZ-18565","77","3.90",1,"VIP"
"EH-14125","76","4.17",1,"VIP"
"AM-10705","76","4.43",1,"VIP"
"PS-18760","75","2.67",1,"VIP"
"NP-18325","75","3.05",1,"VIP"
"DB-13210","75","3.67",1,"VIP"
"AH-10075","75","2.50",1,"VIP"
"RW-19540","75","4.38",1,"VIP"
"RA-19915","75","5.27",1,"VIP"
"SC-20770","75","3.00",1,"VIP"
"SB-20290","74","3.53",1,"VIP"
"BD-11605","74","4.25",1,"VIP"
"DL-13315","74","3.00",1,"VIP"
"CS-12355","74","3.91",1,"VIP"
"JM-16195","74","2.95",1,"VIP"
"TB-21250","74","4.05",1,"VIP"
"CJ-12010","73","4.67",1,"VIP"
"SE-20110","73","4.56",1,"VIP"
"RD-19585","73","4.63",1,"VIP"
"MS-17770","73","5.16",1,"VIP"
"MK-17905","73","3.71",1,"VIP"
"MM-18055","73","4.63",1,"VIP"
"MC-18100","73","3.63",1,"VIP"
"ML-17395","72","5.10",1,"VIP"
"JK-15370","72","2.41",1,"VIP"
"HA-14920","72","3.67",1,"VIP"
"CA-12775","72","3.12",1,"VIP"
"EH-13945","72","3.94",1,"VIP"
"KM-16225","72","4.63",1,"VIP"
"AI-10855","72","3.72",1,"VIP"
"BW-11110","72","5.50",1,"VIP"
"JF-15190","72","4.74",1,"VIP"
"NW-18400","71","4.76",1,"VIP"
"SP-20650","71","3.87",1,"VIP"
"HW-14935","71","3.39",1,"VIP"
"KH-16330","70","4.11",1,"VIP"
"JS-16030","70","5.06",1,"VIP"
"DK-13225","70","3.68",1,"VIP"
"HF-14995","70","4.53",1,"VIP"
"BP-11095","70","3.40",1,"VIP"
"BP-11185","69","3.22",1,"VIP"
"LB-16795","69","2.18",1,"VIP"
"HM-14860","69","4.79",1,"VIP"
"SA-20830","69","3.65",1,"VIP"
"SZ-20035","69","3.70",1,"VIP"
"LF-17185","69","2.38",1,"VIP"
"JE-15610","69","2.42",1,"VIP"
"EM-14140","69","3.05",1,"VIP"
"PF-19120","69","5.22",1,"VIP"
"HG-14965","68","4.41",1,"VIP"
"AW-10930","68","4.19",1,"VIP"
"MM-17920","68","4.38",1,"VIP"
"DS-13180","68","5.05",1,"VIP"
"CS-11950","68","4.18",1,"VIP"
"KE-16420","67","4.00",1,"VIP"
"RF-19345","67","3.63",1,"VIP"
"RB-19360","67","2.94",1,"VIP"
"TM-21010","67","4.21",1,"VIP"
"BD-11320","67","4.89",1,"VIP"
"TD-20995","67","2.44",1,"VIP"
"SN-20560","67","4.87",1,"VIP"
"TS-21205","67","3.95",1,"VIP"
"JG-15160","67","3.24",1,"VIP"
"TB-21055","66","3.17",1,"VIP"
"SV-20935","66","3.69",1,"VIP"
"SC-20695","66","4.43",1,"VIP"
"TT-21070","66","4.21",1,"VIP"
"RB-19435","66","3.13",1,"VIP"
"SF-20965","66","3.94",1,"VIP"
"KM-16375","65","5.53",1,"VIP"
"CA-12265","65","4.00",1,"VIP"
"VP-21760","65","3.71",1,"VIP"
"GH-14410","65","4.29",1,"VIP"
"DK-12895","65","5.40",1,"VIP"
"SF-20200","65","3.21",1,"VIP"
"FH-14275","65","3.57",1,"VIP"
"PO-19180","65","3.50",1,"VIP"
"AH-10120","65","3.38",1,"VIP"
"ME-17320","64","4.40",1,"VIP"
"LH-16900","64","4.13",1,"VIP"
"DC-12850","64","3.39",1,"VIP"
"CK-12760","64","4.71",1,"VIP"
"NB-18655","64","2.94",1,"VIP"
"JC-15775","64","3.63",1,"VIP"
"VD-21670","64","4.60",1,"VIP"
"MD-17350","64","5.12",1,"VIP"
"JF-15415","64","2.92",1,"VIP"
"AA-10645","64","3.89",1,"VIP"
"MB-17305","63","3.16",1,"VIP"
"CC-12430","63","3.95",1,"VIP"
"LT-17110","63","3.93",1,"VIP"
"RD-19810","63","3.88",1,"VIP"
"DP-13105","63","4.86",1,"VIP"
"ND-18370","63","3.89",1,"VIP"
"TC-21295","63","3.06",1,"VIP"
"LS-16975","63","4.55",1,"VIP"
"JP-15520","63","3.56",1,"VIP"
"SC-20260","63","3.61",1,"VIP"
"KB-16315","62","5.14",1,"VIP"
"DV-13465","62","3.87",1,"VIP"
"DB-13405","62","4.43",1,"VIP"
"SG-20470","62","3.71",1,"VIP"
"KH-16690","62","4.71",1,"VIP"
"LC-17140","62","3.74",1,"VIP"
"CV-12805","62","3.58",1,"VIP"
"GB-14530","62","4.35",1,"VIP"
"MP-17965","62","4.05",1,"VIP"
"SC-20020","62","4.71",1,"VIP"
"LR-16915","61","4.07",1,"VIP"
"RW-19690","61","3.93",1,"VIP"
"CB-12535","61","3.17",1,"VIP"
"NC-18535","61","3.69",2,"High Value"
"DB-13555","61","4.93",2,"High Value"
"RP-19855","61","5.07",2,"High Value"
"JW-15220","61","4.54",2,"High Value"
"PG-18895","61","4.71",2,"High Value"
"SU-20665","61","1.83",2,"High Value"
"BC-11125","60","2.72",2,"High Value"
"TB-21625","60","3.27",2,"High Value"
"RD-19480","60","4.80",2,"High Value"
"MC-17605","60","2.89",2,"High Value"
"FO-14305","60","4.27",2,"High Value"
"TS-21160","60","4.00",2,"High Value"
"CT-11995","60","4.00",2,"High Value"
"IL-15100","60","4.79",2,"High Value"
"CP-12340","59","4.20",2,"High Value"
"JF-15565","59","3.53",2,"High Value"
"HK-14890","59","4.50",2,"High Value"
"SC-20305","59","3.91",2,"High Value"
"GB-14575","59","4.67",2,"High Value"
"DB-13120","59","4.07",2,"High Value"
"AC-10615","59","4.33",2,"High Value"
"FA-14230","58","3.53",2,"High Value"
"JF-15355","58","3.13",2,"High Value"
"RA-19285","58","3.29",2,"High Value"
"BK-11260","58","4.44",2,"High Value"
"BS-11380","58","4.38",2,"High Value"
"ON-18715","58","4.07",2,"High Value"
"DP-13000","58","4.41",2,"High Value"
"CM-12715","57","4.46",2,"High Value"
"KD-16270","57","3.73",2,"High Value"
"GK-14620","57","3.33",2,"High Value"
"AB-10105","57","4.56",2,"High Value"
"SP-20920","57","2.50",2,"High Value"
"KA-16525","57","4.91",2,"High Value"
"SC-20050","57","5.36",2,"High Value"
"MG-17650","57","4.50",2,"High Value"
"EM-13825","57","4.50",2,"High Value"
"KD-16615","56","3.62",2,"High Value"
"KN-16390","56","4.00",2,"High Value"
"BM-11140","56","2.67",2,"High Value"
"AJ-10780","56","3.71",2,"High Value"
"QJ-19255","56","4.92",2,"High Value"
"KF-16285","55","3.69",2,"High Value"
"NM-18520","55","3.64",2,"High Value"
"MH-17290","55","3.31",2,"High Value"
"EB-13705","55","3.75",2,"High Value"
"NF-18595","55","3.75",2,"High Value"
"TT-21220","55","2.93",2,"High Value"
"KN-16705","55","5.40",2,"High Value"
"JP-15460","54","3.93",2,"High Value"
"GM-14455","54","5.33",2,"High Value"
"RS-19765","54","3.50",2,"High Value"
"PB-19150","54","4.64",2,"High Value"
"AH-10030","54","3.45",2,"High Value"
"AG-10675","54","3.60",2,"High Value"
"CV-12295","54","3.08",2,"High Value"
"MC-17275","54","3.92",2,"High Value"
"FP-14320","54","4.43",2,"High Value"
"LS-17200","54","3.29",2,"High Value"
"PB-18805","54","3.30",2,"High Value"
"PO-18865","54","3.92",2,"High Value"
"AR-10825","54","4.62",2,"High Value"
"TS-21505","54","4.14",2,"High Value"
"DS-13030","54","3.42",2,"High Value"
"NC-18340","54","1.53",2,"High Value"
"JO-15145","53","3.25",2,"High Value"
"FM-14380","53","4.00",2,"High Value"
"RA-19885","53","2.87",2,"High Value"
"LW-17215","53","3.50",2,"High Value"
"GM-14500","53","5.00",2,"High Value"
"RF-19735","53","4.00",2,"High Value"
"ML-17755","53","5.08",2,"High Value"
"RW-19630","53","4.44",2,"High Value"
"NS-18505","52","2.60",2,"High Value"
"NH-18610","52","5.00",2,"High Value"
"AB-10060","52","4.18",2,"High Value"
"SO-20335","52","5.53",2,"High Value"
"JM-15265","52","4.46",2,"High Value"
"LC-16930","52","3.57",2,"High Value"
"FH-14350","52","4.50",2,"High Value"
"DJ-13510","52","3.77",2,"High Value"
"TS-21655","52","4.14",2,"High Value"
"LP-17095","52","5.40",2,"High Value"
"PV-18985","52","4.15",2,"High Value"
"CP-12085","52","3.54",2,"High Value"
"PS-18970","52","3.23",2,"High Value"
"AT-10735","52","4.20",2,"High Value"
"MV-17485","52","4.07",2,"High Value"
"JL-15505","51","4.38",2,"High Value"
"NK-18490","51","3.64",2,"High Value"
"OT-18730","51","4.00",2,"High Value"
"TS-21340","51","3.25",2,"High Value"
"AF-10870","51","5.00",2,"High Value"
"ML-17410","51","4.53",2,"High Value"
"DL-12865","51","5.64",2,"High Value"
"TB-21400","51","3.00",2,"High Value"
"NP-18700","51","4.33",2,"High Value"
"LS-16945","51","5.14",2,"High Value"
"BP-11290","51","3.94",2,"High Value"
"CC-12685","51","4.25",2,"High Value"
"AH-10210","50","4.92",2,"High Value"
"LW-16825","50","4.07",2,"High Value"
"TG-21640","50","1.60",2,"High Value"
"LL-16840","50","2.75",2,"High Value"
"EH-14005","50","2.45",2,"High Value"
"TS-21370","50","2.77",2,"High Value"
"MO-17800","49","4.27",2,"High Value"
"BW-11200","49","4.20",2,"High Value"
"BV-11245","49","4.50",2,"High Value"
"YS-21880","49","4.55",2,"High Value"
"CA-12055","49","5.10",2,"High Value"
"MY-17380","49","5.23",2,"High Value"
"MS-17980","49","4.36",2,"High Value"
"KN-16450","49","4.50",2,"High Value"
"SG-20605","49","4.46",2,"High Value"
"JK-16120","49","4.71",2,"High Value"
"JE-15475","49","5.15",2,"High Value"
"CD-12790","49","4.27",2,"High Value"
"TP-21565","48","2.10",2,"High Value"
"MS-17710","48","3.20",2,"High Value"
"AB-10165","48","4.36",2,"High Value"
"GZ-14470","48","3.36",2,"High Value"
"DO-13435","48","3.23",2,"High Value"
"TP-21130","48","3.67",2,"High Value"
"BF-11215","48","5.13",2,"High Value"
"RO-19780","48","3.92",2,"High Value"
"AS-10045","48","3.50",2,"High Value"
"DR-12940","48","5.00",2,"High Value"
"TW-21025","48","4.36",2,"High Value"
"TN-21040","48","5.08",2,"High Value"
"FG-14260","48","4.09",2,"High Value"
"DB-13060","48","2.54",2,"High Value"
"AM-10360","48","2.58",2,"High Value"
"GH-14425","48","4.78",2,"High Value"
"FM-14215","48","3.67",2,"High Value"
"PW-19030","48","4.00",2,"High Value"
"MC-17590","47","4.12",2,"High Value"
"HL-15040","47","5.30",2,"High Value"
"PN-18775","47","3.23",2,"High Value"
"JP-16135","47","4.00",2,"High Value"
"BS-11665","47","4.09",2,"High Value"
"RE-19450","47","3.44",2,"High Value"
"LS-17245","47","1.33",2,"High Value"
"DB-12910","47","3.67",2,"High Value"
"AG-10330","47","2.78",2,"High Value"
"CC-12670","47","3.71",2,"High Value"
"DP-13390","47","4.31",2,"High Value"
"DB-13270","47","4.58",2,"High Value"
"RP-19270","47","3.50",2,"High Value"
"CS-12400","47","4.14",2,"High Value"
"NF-18385","46","3.38",2,"High Value"
"JG-15310","46","2.91",2,"High Value"
"PJ-18835","46","4.15",2,"High Value"
"JG-15805","46","4.00",2,"High Value"
"SS-20410","46","4.33",2,"High Value"
"CC-12100","46","3.31",2,"High Value"
"JM-15535","46","4.20",2,"High Value"
"NP-18670","46","3.60",2,"High Value"
"ME-17725","46","3.08",2,"High Value"
"CK-12325","46","4.75",2,"High Value"
"HR-14830","46","4.08",2,"High Value"
"JD-16150","46","3.73",2,"High Value"
"KT-16465","45","5.43",2,"High Value"
"BS-11755","45","4.93",2,"High Value"
"FH-14365","45","3.67",2,"High Value"
"RF-19840","45","3.64",2,"High Value"
"MH-17455","45","3.18",2,"High Value"
"SH-20395","45","3.40",2,"High Value"
"TC-21475","45","3.64",2,"High Value"
"MC-17845","45","4.00",2,"High Value"
"SR-20740","45","4.09",2,"High Value"
"HA-14905","45","4.10",2,"High Value"
"MD-17860","45","3.75",2,"High Value"
"NG-18355","45","3.44",2,"High Value"
"SC-20440","44","4.20",2,"High Value"
"CB-12415","44","4.00",2,"High Value"
"TH-21550","44","3.69",2,"High Value"
"TS-21610","44","3.64",2,"High Value"
"RC-19960","44","3.73",2,"High Value"
"DW-13585","44","3.80",2,"High Value"
"HP-14815","44","3.50",2,"High Value"
"MT-18070","44","4.45",2,"High Value"
"BM-11785","44","3.36",2,"High Value"
"NL-18310","44","2.80",2,"High Value"
"BT-11530","44","3.00",2,"High Value"
"LR-17035","44","5.25",2,"High Value"
"SM-20320","44","4.21",2,"High Value"
"EG-13900","44","3.78",2,"High Value"
"AG-10270","44","4.00",2,"High Value"
"LH-17155","44","3.11",2,"High Value"
"HE-14800","44","4.73",2,"High Value"
"JK-15625","44","3.92",2,"High Value"
"TT-21460","44","4.08",2,"High Value"
"TB-21355","44","2.31",2,"High Value"
"JH-15985","44","4.75",2,"High Value"
"JC-16105","43","5.00",2,"High Value"
"DL-12925","43","4.36",2,"High Value"
"GM-14440","43","3.91",2,"High Value"
"ED-13885","43","4.54",3,"Standard"
"MK-18160","43","4.91",3,"Standard"
"JB-15400","43","4.00",3,"Standard"
"RH-19600","43","4.09",3,"Standard"
"GA-14515","43","3.85",3,"Standard"
"PR-18880","43","2.08",3,"Standard"
"LC-17050","43","4.33",3,"Standard"
"CY-12745","43","3.91",3,"Standard"
"JM-15865","43","3.92",3,"Standard"
"JS-15880","43","3.00",3,"Standard"
"DB-12970","43","3.57",3,"Standard"
"FC-14245","43","3.46",3,"Standard"
"SP-20545","43","4.40",3,"Standard"
"BO-11350","43","5.08",3,"Standard"
"GW-14605","43","5.00",3,"Standard"
"BD-11500","42","4.56",3,"Standard"
"JO-15550","42","3.55",3,"Standard"
"MA-17995","42","4.33",3,"Standard"
"MJ-17740","42","4.31",3,"Standard"
"JL-15130","42","4.67",3,"Standard"
"MH-17785","42","3.27",3,"Standard"
"JS-15685","42","5.55",3,"Standard"
"JF-15295","42","4.50",3,"Standard"
"VT-21700","42","4.89",3,"Standard"
"NM-18445","42","3.92",3,"Standard"
"MG-18145","42","4.00",3,"Standard"
"MW-18220","42","3.31",3,"Standard"
"AC-10450","41","3.50",3,"Standard"
"AA-10375","41","3.27",3,"Standard"
"EB-13870","41","5.18",3,"Standard"
"DB-13615","41","3.82",3,"Standard"
"JM-15655","41","3.50",3,"Standard"
"NG-18430","41","4.33",3,"Standard"
"AS-10225","41","3.77",3,"Standard"
"BS-11590","41","4.90",3,"Standard"
"JK-15205","41","5.45",3,"Standard"
"JR-16210","41","4.90",3,"Standard"
"JW-15955","41","4.00",3,"Standard"
"DN-13690","41","4.91",3,"Standard"
"DH-13675","41","2.55",3,"Standard"
"BE-11455","40","2.92",3,"Standard"
"AJ-10945","40","4.20",3,"Standard"
"CW-11905","40","3.73",3,"Standard"
"MC-17425","40","3.89",3,"Standard"
"KH-16360","40","3.43",3,"Standard"
"TH-21235","40","4.15",3,"Standard"
"KC-16675","40","4.00",3,"Standard"
"CC-12475","40","3.23",3,"Standard"
"AZ-10750","40","3.67",3,"Standard"
"MC-17575","40","4.55",3,"Standard"
"SC-20230","40","5.40",3,"Standard"
"AS-10240","39","3.92",3,"Standard"
"JD-16015","39","3.82",3,"Standard"
"MB-18085","39","3.30",3,"Standard"
"GM-14695","39","4.00",3,"Standard"
"AB-10255","39","4.36",3,"Standard"
"CC-12610","39","2.75",3,"Standard"
"LP-17080","39","2.89",3,"Standard"
"CD-12280","39","4.23",3,"Standard"
"DW-13195","39","5.11",3,"Standard"
"JL-15235","39","4.60",3,"Standard"
"SS-20875","39","5.80",3,"Standard"
"JK-16090","39","6.50",3,"Standard"
"AB-10600","38","2.38",3,"Standard"
"BF-10975","38","4.31",3,"Standard"
"VS-21820","38","4.38",3,"Standard"
"NC-18415","38","4.64",3,"Standard"
"CM-11815","38","4.10",3,"Standard"
"DM-13345","38","5.17",3,"Standard"
"BT-11395","38","4.40",3,"Standard"
"HR-14770","38","5.15",3,"Standard"
"JW-16075","38","5.43",3,"Standard"
"JL-15850","38","4.27",3,"Standard"
"LW-16990","38","4.55",3,"Standard"
"MF-18250","38","5.67",3,"Standard"
"VM-21685","37","2.50",3,"Standard"
"CG-12040","37","4.78",3,"Standard"
"MZ-17515","37","4.11",3,"Standard"
"NR-18550","37","5.69",3,"Standard"
"PW-19240","37","2.73",3,"Standard"
"TC-20980","37","5.82",3,"Standard"
"JK-15640","37","2.55",3,"Standard"
"VB-21745","37","3.90",3,"Standard"
"AF-10885","37","3.57",3,"Standard"
"KT-16480","37","4.23",3,"Standard"
"AB-10150","37","2.83",3,"Standard"
"DC-13285","37","3.29",3,"Standard"
"MV-18190","37","3.55",3,"Standard"
"EC-14050","37","4.43",3,"Standard"
"JS-15940","37","3.50",3,"Standard"
"MF-17665","36","4.50",3,"Standard"
"JO-15280","36","4.27",3,"Standard"
"SS-20515","36","4.33",3,"Standard"
"ND-18460","36","3.50",3,"Standard"
"MN-17935","36","3.50",3,"Standard"
"AA-10480","36","5.42",3,"Standard"
"DO-13645","36","4.45",3,"Standard"
"KC-16255","36","2.78",3,"Standard"
"JF-15490","36","3.87",3,"Standard"
"KD-16345","36","3.30",3,"Standard"
"RR-19525","36","3.90",3,"Standard"
"RB-19570","35","3.00",3,"Standard"
"JS-15595","35","4.88",3,"Standard"
"AH-10465","35","4.38",3,"Standard"
"VF-21715","35","3.73",3,"Standard"
"SJ-20215","35","3.50",3,"Standard"
"JH-15910","35","4.22",3,"Standard"
"SF-20065","35","2.44",3,"Standard"
"MG-17890","35","4.31",3,"Standard"
"CD-11920","35","3.44",3,"Standard"
"BG-11035","35","3.50",3,"Standard"
"TB-21280","35","4.18",3,"Standard"
"CM-12115","35","3.14",3,"Standard"
"CS-12505","35","5.13",3,"Standard"
"KW-16435","35","4.44",3,"Standard"
"AD-10180","35","4.36",3,"Standard"
"KB-16240","34","4.70",3,"Standard"
"PS-19045","34","4.00",3,"Standard"
"EM-14095","34","2.30",3,"Standard"
"LO-17170","34","3.33",3,"Standard"
"AS-10630","34","5.50",3,"Standard"
"MC-18130","34","4.73",3,"Standard"
"LH-17020","34","2.33",3,"Standard"
"PF-19165","34","4.10",3,"Standard"
"SB-20185","34","3.20",3,"Standard"
"AY-10555","34","5.00",3,"Standard"
"CL-12700","34","4.13",3,"Standard"
"AS-10285","33","3.14",3,"Standard"
"DD-13570","33","3.78",3,"Standard"
"AR-10510","33","3.71",3,"Standard"
"AG-10525","33","5.56",3,"Standard"
"CS-12490","33","4.67",3,"Standard"
"DB-13660","33","5.30",3,"Standard"
"RD-19930","33","3.50",3,"Standard"
"ST-20530","33","4.50",3,"Standard"
"SW-20245","33","3.50",3,"Standard"
"MC-17635","33","5.00",3,"Standard"
"BT-11305","33","4.78",3,"Standard"
"DL-13495","33","4.50",3,"Standard"
"DK-13090","33","3.31",3,"Standard"
"EB-13840","33","6.00",3,"Standard"
"AG-10390","33","2.88",3,"Standard"
"DM-13525","33","3.10",3,"Standard"
"HG-15025","33","3.00",3,"Standard"
"LM-17065","32","4.43",3,"Standard"
"LE-16810","32","3.78",3,"Standard"
"DK-12985","32","4.00",3,"Standard"
"MM-18280","32","4.08",3,"Standard"
"CM-12445","32","2.89",3,"Standard"
"JB-15925","32","3.00",3,"Standard"
"JB-16000","32","4.29",3,"Standard"
"FC-14335","32","3.33",3,"Standard"
"VG-21790","32","3.63",3,"Standard"
"PO-19195","32","3.20",3,"Standard"
"DL-13330","32","2.88",3,"Standard"
"JB-16045","32","4.78",3,"Standard"
"ZD-21925","32","3.78",3,"Standard"
"CR-12580","32","3.83",3,"Standard"
"BS-11365","32","3.50",3,"Standard"
"CC-12145","31","3.91",3,"Standard"
"HG-14845","31","3.60",3,"Standard"
"RH-19495","31","1.86",3,"Standard"
"RH-19510","31","2.90",3,"Standard"
"GM-14680","31","4.64",3,"Standard"
"HD-14785","31","3.71",3,"Standard"
"EJ-14155","31","4.63",3,"Standard"
"MH-18025","31","2.10",3,"Standard"
"TS-21430","31","4.29",3,"Standard"
"KM-16660","30","4.67",3,"Standard"
"SC-20575","30","4.00",3,"Standard"
"Co-12640","30","5.13",3,"Standard"
"BP-11050","30","4.43",3,"Standard"
"DJ-13630","30","5.00",3,"Standard"
"CS-12175","30","5.25",3,"Standard"
"SL-20155","30","2.89",3,"Standard"
"EB-14110","30","4.82",3,"Standard"
"SJ-20500","30","4.43",3,"Standard"
"TP-21415","30","3.89",3,"Standard"
"TZ-21580","30","4.11",3,"Standard"
"SG-20080","30","0.73",3,"Standard"
"RS-19420","29","2.67",3,"Standard"
"HM-14980","29","3.29",3,"Standard"
"JL-15175","29","4.86",3,"Standard"
"BF-11080","29","3.50",3,"Standard"
"RC-19825","29","2.00",3,"Standard"
"RM-19375","29","4.11",3,"Standard"
"SR-20425","29","5.50",3,"Standard"
"NC-18625","29","4.11",3,"Standard"
"AR-10405","29","4.14",3,"Standard"
"TB-21595","29","3.57",3,"Standard"
"MR-17545","29","3.33",3,"Standard"
"KB-16600","29","3.44",3,"Standard"
"RB-19645","29","4.43",3,"Standard"
"TH-21115","29","4.33",3,"Standard"
"BP-11155","29","3.30",3,"Standard"
"BD-11725","29","3.70",3,"Standard"
"AR-10540","29","3.13",3,"Standard"
"PL-18925","29","5.75",3,"Standard"
"JH-15430","29","3.71",4,"Low Value"
"TH-21100","29","4.57",4,"Low Value"
"JH-15820","29","3.38",4,"Low Value"
"RK-19300","29","4.88",4,"Low Value"
"TG-21310","28","3.75",4,"Low Value"
"PF-19225","28","3.78",4,"Low Value"
"AH-10195","28","2.75",4,"Low Value"
"RM-19675","28","3.89",4,"Low Value"
"DG-13300","28","2.57",4,"Low Value"
"CS-12130","28","4.57",4,"Low Value"
"DB-13360","28","4.50",4,"Low Value"
"DV-13045","28","4.22",4,"Low Value"
"JH-16180","28","3.80",4,"Low Value"
"BE-11335","28","4.50",4,"Low Value"
"CM-12235","28","4.00",4,"Low Value"
"SW-20275","28","4.43",4,"Low Value"
"TC-21535","28","3.60",4,"Low Value"
"AT-10435","28","4.44",4,"Low Value"
"DM-12955","28","4.11",4,"Low Value"
"DE-13255","28","2.75",4,"Low Value"
"BD-11620","27","2.13",4,"Low Value"
"PA-19060","27","4.14",4,"Low Value"
"DA-13450","27","4.25",4,"Low Value"
"CM-12655","27","4.13",4,"Low Value"
"RA-19945","27","2.78",4,"Low Value"
"EN-13780","27","1.56",4,"Low Value"
"ER-13855","27","3.00",4,"Low Value"
"SW-20755","27","4.25",4,"Low Value"
"TB-21175","27","4.10",4,"Low Value"
"AA-10315","27","4.80",4,"Low Value"
"PM-19135","27","4.50",4,"Low Value"
"DW-13480","26","4.56",4,"Low Value"
"JD-15790","26","4.86",4,"Low Value"
"JM-15580","26","4.00",4,"Low Value"
"BB-10990","26","4.13",4,"Low Value"
"BF-11005","26","4.10",4,"Low Value"
"SM-20005","26","4.50",4,"Low Value"
"CR-12820","26","4.00",4,"Low Value"
"SC-20680","26","5.38",4,"Low Value"
"JE-16165","26","3.50",4,"Low Value"
"CC-12370","25","3.56",4,"Low Value"
"KB-16405","25","3.22",4,"Low Value"
"VM-21835","25","2.00",4,"Low Value"
"MG-17680","25","1.60",4,"Low Value"
"JJ-15445","25","4.83",4,"Low Value"
"SW-20350","25","4.83",4,"Low Value"
"CA-11965","25","4.56",4,"Low Value"
"GD-14590","25","2.83",4,"Low Value"
"LD-17005","25","4.29",4,"Low Value"
"MH-17440","25","4.56",4,"Low Value"
"CA-12310","25","4.64",4,"Low Value"
"AW-10840","24","3.25",4,"Low Value"
"EB-13930","24","5.14",4,"Low Value"
"SV-20815","24","3.67",4,"Low Value"
"ES-14020","24","5.00",4,"Low Value"
"BG-11695","24","4.00",4,"Low Value"
"YC-21895","24","3.71",4,"Low Value"
"TA-21385","24","4.38",4,"Low Value"
"SB-20170","24","5.71",4,"Low Value"
"CL-11890","24","2.29",4,"Low Value"
"GT-14755","23","4.71",4,"Low Value"
"EM-13810","23","2.00",4,"Low Value"
"EJ-13720","23","5.14",4,"Low Value"
"MG-17695","23","5.00",4,"Low Value"
"GR-14560","23","5.80",4,"Low Value"
"DF-13135","23","4.00",4,"Low Value"
"MT-17815","23","4.44",4,"Low Value"
"TB-21190","23","3.00",4,"Low Value"
"MG-17875","23","3.86",4,"Low Value"
"CM-12160","23","4.14",4,"Low Value"
"PC-18745","22","3.20",4,"Low Value"
"CS-11845","22","2.88",4,"Low Value"
"RB-19705","22","3.29",4,"Low Value"
"TR-21325","22","4.43",4,"Low Value"
"EH-14185","22","4.63",4,"Low Value"
"CD-11980","22","4.83",4,"Low Value"
"EM-14065","22","4.33",4,"Low Value"
"BG-11740","22","4.43",4,"Low Value"
"KW-16570","22","2.20",4,"Low Value"
"BM-11575","22","4.10",4,"Low Value"
"GT-14635","22","4.20",4,"Low Value"
"AJ-10960","22","4.40",4,"Low Value"
"BS-11800","22","2.75",4,"Low Value"
"CM-12190","21","1.71",4,"Low Value"
"HZ-14950","21","4.50",4,"Low Value"
"CM-12385","21","4.63",4,"Low Value"
"LC-16960","21","4.67",4,"Low Value"
"GP-14740","21","4.00",4,"Low Value"
"BD-11770","21","4.30",4,"Low Value"
"MS-17530","21","3.00",4,"Low Value"
"DW-13540","21","3.67",4,"Low Value"
"NP-18685","21","4.00",4,"Low Value"
"HJ-14875","21","2.17",4,"Low Value"
"SM-20905","20","2.00",4,"Low Value"
"EH-13990","20","3.75",4,"Low Value"
"GZ-14545","20","4.75",4,"Low Value"
"AG-10765","20","3.60",4,"Low Value"
"DK-13150","20","5.20",4,"Low Value"
"DJ-13420","20","4.80",4,"Low Value"
"RD-19660","20","4.75",4,"Low Value"
"HH-15010","20","3.33",4,"Low Value"
"DP-13165","20","3.25",4,"Low Value"
"EB-14170","20","3.29",4,"Low Value"
"MH-17620","19","3.67",4,"Low Value"
"BD-11635","19","4.00",4,"Low Value"
"IG-15085","19","5.86",4,"Low Value"
"Dl-13600","19","5.00",4,"Low Value"
"SK-19990","19","4.00",4,"Low Value"
"PT-19090","19","2.14",4,"Low Value"
"EK-13795","18","3.25",4,"Low Value"
"ML-18040","18","5.75",4,"Low Value"
"PJ-19015","18","2.00",4,"Low Value"
"EM-13960","18","3.83",4,"Low Value"
"PB-19105","18","4.80",4,"Low Value"
"PC-19000","18","5.67",4,"Low Value"
"VP-21730","18","4.40",4,"Low Value"
"CM-11935","18","5.00",4,"Low Value"
"CR-12730","18","5.00",4,"Low Value"
"EB-13975","18","4.00",4,"Low Value"
"AR-10345","18","3.80",4,"Low Value"
"TC-21145","17","4.00",4,"Low Value"
"AH-10585","17","3.60",4,"Low Value"
"JD-16060","17","1.83",4,"Low Value"
"MM-17260","17","4.83",4,"Low Value"
"JG-15115","17","3.00",4,"Low Value"
"SG-20890","17","4.00",4,"Low Value"
"AC-10420","17","4.00",4,"Low Value"
"SS-20590","17","3.78",4,"Low Value"
"AC-10660","16","3.00",4,"Low Value"
"RB-19330","16","5.67",4,"Low Value"
"BT-11440","16","4.14",4,"Low Value"
"SH-20635","16","4.50",4,"Low Value"
"LS-17230","16","4.00",4,"Low Value"
"SW-20455","16","3.88",4,"Low Value"
"VG-21805","16","4.33",4,"Low Value"
"AG-10300","16","5.60",4,"Low Value"
"PM-18940","16","3.50",4,"Low Value"
"CS-11860","16","4.57",4,"Low Value"
"KC-16540","15","3.75",4,"Low Value"
"LW-17125","15","3.40",4,"Low Value"
"ME-18010","15","4.17",4,"Low Value"
"GH-14485","15","3.00",4,"Low Value"
"JK-15325","15","4.50",4,"Low Value"
"MO-17500","15","2.40",4,"Low Value"
"BN-11470","15","4.17",4,"Low Value"
"CC-12550","14","3.75",4,"Low Value"
"MS-17830","14","4.20",4,"Low Value"
"CG-12520","14","1.40",4,"Low Value"
"CR-12625","14","4.25",4,"Low Value"
"IM-15055","14","2.00",4,"Low Value"
"PK-18910","14","3.00",4,"Low Value"
"JR-15670","14","5.00",4,"Low Value"
"BP-11230","14","5.00",4,"Low Value"
"BE-11410","14","2.25",4,"Low Value"
"MO-17950","14","5.25",4,"Low Value"
"AB-10015","13","2.17",4,"Low Value"
"SC-20845","13","4.00",4,"Low Value"
"CS-12460","13","5.33",4,"Low Value"
"CH-12070","13","4.25",4,"Low Value"
"NF-18475","13","4.00",4,"Low Value"
"EM-14200","13","5.25",4,"Low Value"
"LB-16735","12","2.67",4,"Low Value"
"TM-21490","12","2.50",4,"Low Value"
"LH-16750","12","3.33",4,"Low Value"
"JC-15340","12","5.00",4,"Low Value"
"SC-20800","11","2.60",4,"Low Value"
"BT-11485","11","2.67",4,"Low Value"
"BF-11275","11","4.25",4,"Low Value"
"RH-19555","11","4.67",4,"Low Value"
"MZ-17335","11","3.17",4,"Low Value"
"BD-11560","11","4.00",4,"Low Value"
"JJ-15760","11","3.33",4,"Low Value"
"RS-19870","10","3.33",4,"Low Value"
"PB-19210","10","3.50",4,"Low Value"
"KS-16300","10","4.50",4,"Low Value"
"EL-13735","9","4.50",4,"Low Value"
"GH-14665","9","4.00",4,"Low Value"
"FW-14395","9","3.00",4,"Low Value"
"AS-10135","9","4.00",4,"Low Value"
"MG-18205","8","4.00",4,"Low Value"
"TT-21265","8","3.67",4,"Low Value"
"LT-16765","8","3.67",4,"Low Value"
"BW-11065","8","4.67",4,"Low Value"
"BO-11425","7","6.00",4,"Low Value"
"ML-18265","7","1.33",4,"Low Value"
"RR-19315","7","1.25",4,"Low Value"
"NB-18580","7","4.50",4,"Low Value"
"JC-15385","6","7.00",4,"Low Value"
"PH-18790","6","5.00",4,"Low Value"
"AR-10570","6","5.00",4,"Low Value"
"MW-18235","6","2.00",4,"Low Value"
"CJ-11875","5","3.00",4,"Low Value"
"RE-19405","5","2.00",4,"Low Value"
"RM-19750","4","5.00",4,"Low Value"
"TS-21085","4","3.50",4,"Low Value"
"LD-16855","3","4.00",4,"Low Value"
"JR-15700","3","4.00",4,"Low Value"
"AO-10810","2","3.00",4,"Low Value"
