"customer_name","recency","frequency","monetary","avg_delivery_days","r_score","f_score","m_score","rfm_segment","customer_segment"
"Seth Vernon",3108,"31","8582.823","4.29",3,5,5,"355","Average Customers"
"Brenda Bowman",3035,"20","6765.728","4.35",4,5,5,"455","Loyal Customers"
"Joel Eaton",3058,"23","6760.815","3.61",4,5,5,"455","Loyal Customers"
"Clay Ludtke",3295,"26","6526.106","3.85",1,5,5,"155","At Risk"
"Zuschuss Carroll",3061,"30","6509.507","4.47",3,5,5,"355","Average Customers"
"Natalie Fritzler",3086,"13","6297.466","3.38",3,3,5,"335","Average Customers"
"Brosina Hoffman",3030,"24","6255.351","4.25",5,5,5,"555","Best Customers"
"Rob Lucas",3128,"24","6234.910","3.96",2,5,5,"255","At Risk"
"William Brown",3027,"37","6160.102","3.16",5,5,5,"555","Best Customers"
"Victoria Wilson",3035,"18","6134.038","5.06",4,5,5,"455","Loyal Customers"
"Cassandra Brandow",3054,"26","6076.139","4.27",4,5,5,"455","Loyal Customers"
"Shahid Collister",3037,"20","5992.536","3.90",4,5,5,"455","Loyal Customers"
"Ken Lonsdale",3054,"28","5987.579","4.57",4,5,5,"455","Loyal Customers"
"Christine Phan",3167,"15","5888.275","4.20",2,4,5,"245","At Risk"
"John Lee",3028,"32","5774.958","3.56",5,5,5,"555","Best Customers"
"Ross Baird",3039,"18","5633.316","4.72",4,5,5,"455","Loyal Customers"
"Dan Reichenbach",3010,"23","5628.124","3.35",5,5,5,"555","Best Customers"
"Suzanne McNair",3032,"22","5563.392","4.27",5,5,5,"555","Best Customers"
"Jonathan Doherty",3401,"31","5506.314","3.87",1,5,5,"155","At Risk"
"Mick Hernandez",3012,"22","5503.093","4.91",5,5,5,"555","Best Customers"
"Emily Phan",3019,"31","5478.061","4.39",5,5,5,"555","Best Customers"
"Stefania Perrino",3054,"24","5440.319","3.88",4,5,5,"455","Loyal Customers"
"Edward Hooks",3142,"31","5398.290","4.35",2,5,5,"255","At Risk"
"Thomas Seio",3205,"19","5371.090","3.95",2,5,5,"255","At Risk"
"Steven Cartwright",3194,"26","5226.210","3.58",2,5,5,"255","At Risk"
"Laura Armstrong",3161,"25","5168.322","3.60",2,5,5,"255","At Risk"
"James Galang",3008,"17","5100.542","3.24",5,4,5,"545","Loyal Customers"
"Mike Pelletier",3023,"19","5087.920","3.79",5,5,5,"555","Best Customers"
"Anna Andreadi",3062,"18","5086.935","3.89",3,5,5,"355","Average Customers"
"Maria Etezadi",3049,"20","5065.980","4.40",4,5,5,"455","Loyal Customers"
"Valerie Dominguez",3588,"15","5042.324","4.60",1,4,5,"145","At Risk"
"Ivan Liston",3149,"14","5040.736","4.79",2,4,5,"245","At Risk"
"Kelly Lampkin",3023,"22","5016.488","3.64",5,5,5,"555","Best Customers"
"Helen Wasserman",3124,"18","4969.174","3.39",2,5,5,"255","At Risk"
"Dave Hallsten",3284,"23","4932.872","3.83",1,5,5,"155","At Risk"
"Irene Maddox",3397,"21","4930.474","4.48",1,5,5,"155","At Risk"
"Ted Trevino",3038,"14","4915.602","4.21",4,4,5,"445","Loyal Customers"
"Kunst Miller",3035,"28","4909.472","5.43",4,5,5,"455","Loyal Customers"
"Paul Prost",3104,"33","4903.788","2.76",3,5,5,"355","Average Customers"
"Philisse Overcash",3167,"18","4893.043","3.50",2,5,5,"255","At Risk"
"Dean percer",3091,"28","4876.861","3.93",3,5,5,"355","Average Customers"
"Joe Kamberova",3091,"20","4867.200","3.65",3,5,5,"355","Average Customers"
"Peter Fuller",3842,"18","4834.160","5.22",1,5,5,"155","At Risk"
"Dean Katz",3017,"19","4802.394","3.68",5,5,5,"555","Best Customers"
"Justin Deggeller",3048,"15","4796.731","3.73",4,4,5,"445","Loyal Customers"
"Russell Applegate",3019,"22","4793.543","5.27",5,5,5,"555","Best Customers"
"Jim Epp",3055,"19","4755.026","2.42",4,5,5,"455","Loyal Customers"
"Keith Herrera",3029,"22","4752.883","4.32",5,5,5,"555","Best Customers"
"Brian Moss",3040,"27","4746.075","3.63",4,5,5,"455","Loyal Customers"
"Rick Bensley",3016,"23","4715.466","3.48",5,5,5,"555","Best Customers"
"Erin Smith",3035,"20","4657.924","3.80",4,5,5,"455","Loyal Customers"
"Kean Thornton",3107,"13","4642.088","4.23",3,3,5,"335","Average Customers"
"Lena Creighton",3023,"22","4612.750","4.73",5,5,5,"555","Best Customers"
"Dave Brooks",3023,"13","4531.646","2.54",5,3,5,"535","Average Customers"
"Anthony Rawles",3065,"13","4523.336","4.62",3,3,5,"335","Average Customers"
"Arthur Gainer",3103,"21","4510.797","3.29",3,5,5,"355","Average Customers"
"Anthony Johnson",3173,"21","4501.391","3.71",2,5,5,"255","At Risk"
"Linda Cazamias",3048,"14","4492.946","3.57",4,4,5,"445","Loyal Customers"
"Stewart Carmichael",3048,"21","4492.657","3.00",4,5,5,"455","Loyal Customers"
"Natalie Webber",3179,"21","4434.070","4.76",2,5,5,"255","At Risk"
"Joe Elijah",3053,"20","4387.537","3.80",4,5,5,"455","Loyal Customers"
"Arianne Irving",3020,"18","4375.786","3.72",5,5,5,"555","Best Customers"
"Caroline Jumper",3196,"18","4361.104","4.67",2,5,5,"255","At Risk"
"Gary Zandusky",3014,"14","4355.150","3.36",5,4,5,"545","Loyal Customers"
"Pete Kriz",3016,"24","4341.382","4.13",5,5,5,"555","Best Customers"
"Natalie DeCherney",3034,"18","4326.139","3.89",4,5,5,"455","Loyal Customers"
"Naresj Patel",3032,"20","4312.052","3.05",5,5,5,"555","Best Customers"
"Matt Abelman",3071,"34","4299.161","3.00",3,5,5,"355","Average Customers"
"Nora Preis",3145,"12","4292.335","4.33",2,3,5,"235","At Risk"
"Sung Pak",3086,"24","4282.940","4.38",3,5,5,"355","Average Customers"
"Dana Kaydos",3052,"15","4282.176","5.40",4,4,5,"445","Loyal Customers"
"Greg Tran",3043,"26","4279.584","4.46",4,5,5,"455","Loyal Customers"
"Rick Duston",3079,"15","4272.930","4.80",3,4,5,"345","Average Customers"
"Toby Carlisle",3034,"16","4266.812","3.06",4,4,5,"445","Loyal Customers"
"Alan Schoenberger",3029,"13","4260.784","3.77",5,3,5,"535","Average Customers"
"Frank Hawley",3044,"21","4256.272","3.57",4,5,5,"455","Loyal Customers"
"Tracy Hopkins",3079,"13","4234.096","3.69",3,3,5,"335","Average Customers"
"Roland Schwarz",3043,"14","4159.770","3.50",4,4,5,"445","Loyal Customers"
"Muhammed Yedwab",3078,"21","4152.696","4.10",3,5,5,"355","Average Customers"
"Stewart Visinsky",3327,"25","4105.305","4.24",1,5,5,"155","At Risk"
"Anne McFarland",3169,"21","4059.122","4.43",2,5,5,"255","At Risk"
"Frank Preis",3030,"14","4046.746","4.43",5,4,5,"545","Loyal Customers"
"Mitch Webber",3024,"13","3991.990","3.31",5,3,5,"535","Average Customers"
"Susan Pistek",3077,"14","3990.689","2.50",3,4,5,"345","Average Customers"
"Craig Molinari",4042,"13","3984.452","4.46",1,4,5,"145","At Risk"
"Michael Paige",3079,"20","3983.642","4.05",3,5,5,"355","Average Customers"
"Sanjit Jacobs",3102,"24","3949.656","4.25",3,5,5,"355","Average Customers"
"Lena Radford",3033,"15","3942.916","4.07",4,4,5,"445","Loyal Customers"
"Katherine Murray",3063,"19","3932.386","5.53",3,5,5,"355","Average Customers"
"Luke Foster",3029,"16","3930.509","2.38",5,4,5,"545","Loyal Customers"
"Yana Sorensen",3016,"11","3926.916","4.55",5,3,5,"535","Average Customers"
"Ken Heidel",3065,"17","3918.966","4.06",3,4,5,"345","Average Customers"
"Chris Cortes",3027,"22","3913.418","3.82",5,5,5,"555","Best Customers"
"Dorothy Badders",3114,"14","3908.803","4.93",2,4,5,"245","At Risk"
"Nora Paige",3065,"10","3908.402","3.60",3,2,5,"325","Average Customers"
"Todd Sumrall",3043,"13","3891.831","2.77",4,4,5,"445","Loyal Customers"
"Bill Stewart",3035,"13","3887.834","4.38",4,4,5,"445","Loyal Customers"
"John Stevenson",3541,"9","3868.020","3.00",1,2,5,"125","At Risk"
"Laurel Beltran",3159,"22","3854.354","2.18",2,5,5,"255","At Risk"
"Karen Ferguson",3104,"16","3853.794","3.69",3,4,5,"345","Average Customers"
"Fred Hopkins",3012,"12","3837.266","3.67",5,3,5,"535","Average Customers"
"Ruben Ausman",3050,"15","3832.314","2.87",4,4,5,"445","Loyal Customers"
"Olvera Toch",3072,"10","3818.624","4.00",3,2,5,"325","Average Customers"
"Rose O'Brian",3042,"12","3815.478","3.92",4,3,5,"435","Average Customers"
"Michael Chen",3008,"14","3805.714","4.00",5,4,5,"545","Loyal Customers"
"Michael Moore",3014,"16","3794.080","4.38",5,4,5,"545","Loyal Customers"
"Matthew Grinstein",3036,"14","3785.276","4.50",4,4,5,"445","Loyal Customers"
"Maribeth Dona",3124,"17","3766.382","5.12",2,5,5,"255","At Risk"
"Jim Karlsson",3068,"12","3760.028","3.92",3,3,5,"335","Average Customers"
"Frank Merwin",3043,"20","3736.198","2.60",4,5,5,"455","Loyal Customers"
"Amy Cox",3018,"8","3733.866","3.50",5,2,5,"525","Average Customers"
"Scott Cohen",3194,"18","3729.793","3.61",2,5,5,"255","At Risk"
"Ben Peterman",3008,"18","3675.861","3.22",5,5,5,"555","Best Customers"
"Liz Preis",3016,"15","3653.399","5.40",5,4,5,"545","Loyal Customers"
"Christopher Schild",3009,"14","3651.859","4.14",5,4,5,"545","Loyal Customers"
"Ed Braxton",3055,"12","3644.978","3.75",4,3,5,"435","Average Customers"
"Jeremy Pistek",3015,"16","3635.594","3.56",5,4,5,"545","Loyal Customers"
"Anna Häberlin",3417,"21","3633.094","5.19",1,5,5,"155","At Risk"
"Becky Martin",3314,"15","3629.678","2.67",1,4,5,"145","At Risk"
"Sam Zeldin",3042,"20","3625.329","3.70",4,5,5,"455","Loyal Customers"
"Gary McGarr",3090,"11","3582.820","3.91",3,3,5,"335","Average Customers"
"Darrin Martin",3064,"19","3545.143","2.00",3,5,5,"355","Average Customers"
"Dionis Lloyd",3083,"12","3539.322","4.50",3,3,5,"335","Average Customers"
"Keith Dawkins",3119,"27","3537.456","4.37",2,5,5,"255","At Risk"
"Robert Waldorf",3086,"15","3495.646","3.93",3,4,5,"345","Average Customers"
"Anna Gayman",3104,"15","3489.040","3.60",3,4,5,"345","Average Customers"
"Tonja Turnell",3019,"13","3484.848","4.08",5,4,5,"545","Loyal Customers"
"Adrian Barton",3048,"18","3476.861","4.56",4,5,5,"455","Loyal Customers"
"Sanjit Engle",3016,"18","3459.488","4.56",5,5,5,"555","Best Customers"
"Pauline Webber",3053,"13","3454.916","4.00",4,4,5,"445","Loyal Customers"
"Ben Ferrer",3023,"25","3437.002","4.36",5,5,5,"555","Best Customers"
"Rick Wilson",3127,"21","3420.461","4.38",2,5,5,"255","At Risk"
"Sally Hughsby",3036,"29","3406.840","4.86",4,5,5,"455","Loyal Customers"
"Sandra Glassco",3015,"11","3406.581","0.73",5,3,5,"535","Average Customers"
"Adam Bellavance",3061,"17","3400.452","4.18",3,4,5,"345","Average Customers"
"Karen Daniels",3491,"15","3382.428","3.73",1,4,5,"145","At Risk"
"Trudy Schmidt",3245,"14","3368.094","4.14",1,4,5,"145","At Risk"
"Tamara Willingham",3071,"11","3365.426","4.36",3,3,5,"335","Average Customers"
"Sam Craven",3788,"17","3362.964","4.71",1,4,5,"145","At Risk"
"Victoria Pisteka",3082,"14","3360.526","3.71",3,4,5,"345","Average Customers"
"Sample Company A",3047,"14","3344.604","5.36",4,4,5,"445","Loyal Customers"
"Dianna Vittorini",3036,"15","3341.587","3.87",4,4,5,"445","Loyal Customers"
"Harry Marie",3009,"19","3336.835","4.79",5,5,5,"555","Best Customers"
"Sylvia Foulston",3055,"17","3336.535","3.94",4,4,5,"445","Loyal Customers"
"Dan Campbell",3044,"18","3336.168","3.39",4,5,5,"455","Loyal Customers"
"Arthur Prichep",3105,"31","3323.556","4.74",3,5,5,"355","Average Customers"
"Dennis Kane",3026,"23","3318.486","3.78",5,5,5,"555","Best Customers"
"Katharine Harms",3047,"18","3312.864","4.11",4,5,5,"455","Loyal Customers"
"Randy Ferguson",3397,"16","3309.150","3.63",1,4,5,"145","At Risk"
"Rick Reed",3177,"10","3302.262","3.90",2,2,5,"225","At Risk"
"Brian Dahlen",3104,"20","3288.471","4.25",3,5,5,"355","Average Customers"
"Brian Stugart",3589,"11","3288.110","4.09",1,3,5,"135","At Risk"
"Rob Williams",3096,"16","3279.746","4.44",3,4,5,"345","Average Customers"
"Daniel Lacy",3064,"14","3272.200","4.36",3,4,5,"345","Average Customers"
"Damala Kotsonis",3028,"27","3256.480","3.78",5,5,5,"555","Best Customers"
"Adam Shillingsburg",3035,"25","3255.310","4.08",4,5,5,"455","Loyal Customers"
"Adam Hart",3041,"20","3250.337","2.50",4,5,5,"455","Loyal Customers"
"Henry Goldwyn",3030,"17","3247.642","4.41",5,4,5,"545","Loyal Customers"
"Carol Triggs",3103,"18","3241.898","4.00",3,5,4,"354","Average Customers"
"Edward Becker",3042,"20","3236.314","4.05",4,5,4,"454","Loyal Customers"
"Lindsay Williams",3040,"11","3230.308","4.55",4,3,4,"434","Average Customers"
"Alan Hwang",3013,"12","3227.404","4.92",5,3,4,"534","Average Customers"
"Ricardo Sperren",3083,"9","3221.290","2.67",3,2,4,"324","Average Customers"
"Mark Packer",3726,"14","3206.132","3.00",1,4,4,"144","At Risk"
"Christine Sundaresam",3013,"22","3202.162","3.91",5,5,4,"554","Loyal Customers"
"Brian Thompson",3027,"20","3196.752","4.80",5,5,4,"554","Loyal Customers"
"Greg Matthias",3159,"11","3163.628","4.64",2,3,4,"234","At Risk"
"Janet Martin",3044,"19","3159.122","3.89",4,5,4,"454","Loyal Customers"
"Chloris Kastensmidt",3046,"32","3154.855","3.88",4,5,4,"454","Loyal Customers"
"Karen Bern",3011,"10","3152.615","4.70",5,2,4,"524","Average Customers"
"Bill Donatelli",3040,"18","3150.681","4.89",4,5,4,"454","Loyal Customers"
"Maxwell Schwartz",3128,"19","3144.678","5.16",2,5,4,"254","At Risk"
"Ruben Dartt",3121,"21","3133.924","3.76",2,5,4,"254","At Risk"
"Tanja Norvell",3097,"12","3130.221","5.08",3,3,4,"334","Average Customers"
"Anthony Jacobs",3082,"14","3130.164","3.71",3,4,4,"344","Average Customers"
"Steve Nguyen",3086,"19","3127.959","4.26",3,5,4,"354","Average Customers"
"Speros Goranitis",3115,"13","3124.832","4.46",2,4,4,"244","At Risk"
"Alan Dominguez",3036,"11","3106.930","4.36",4,3,4,"434","Average Customers"
"Patrick O'Brill",3011,"21","3105.932","3.86",5,5,4,"554","Loyal Customers"
"Katherine Hughes",3008,"14","3100.612","3.43",5,4,4,"544","Loyal Customers"
"Eugene Moren",3055,"20","3088.486","3.05",4,5,4,"454","Loyal Customers"
"Patrick Gardner",3043,"26","3086.907","4.00",4,5,4,"454","Loyal Customers"
"Eugene Hildebrand",3159,"18","3082.653","4.17",2,5,4,"254","At Risk"
"Gary Mitchum",3023,"12","3078.624","5.33",5,3,4,"534","Average Customers"
"John Murray",3116,"12","3076.266","3.92",2,3,4,"234","At Risk"
"Jim Kriz",3187,"11","3072.634","2.55",2,3,4,"234","At Risk"
"Eugene Barchas",3120,"11","3071.126","4.82",2,3,4,"234","At Risk"
"Mike Gockenbach",3091,"8","3061.543","4.00",3,2,4,"324","Average Customers"
"Kean Takahito",3398,"14","3057.100","5.43",1,4,4,"144","At Risk"
"Shahid Shariari",3117,"12","3056.807","4.33",2,3,4,"234","At Risk"
"Sara Luxemburg",3077,"9","3053.012","2.89",3,2,4,"324","Average Customers"
"Aaron Smayling",3095,"10","3050.692","3.50",3,2,4,"324","Average Customers"
"Cynthia Arntzen",3127,"17","3041.566","3.12",2,5,4,"254","At Risk"
"Carlos Soltero",3032,"22","3036.547","4.18",5,5,4,"554","Loyal Customers"
"Giulietta Baptist",3020,"15","3026.248","4.67",5,4,4,"544","Loyal Customers"
"Lindsay Shagiari",3027,"22","2988.674","4.55",5,5,4,"554","Loyal Customers"
"Michelle Huthwaite",3056,"10","2984.948","2.10",4,2,4,"424","Average Customers"
"Frank Atkinson",3104,"17","2984.054","3.53",3,4,4,"344","Average Customers"
"David Bremer",3055,"14","2973.094","4.07",4,4,4,"444","Loyal Customers"
"Noel Staavos",3181,"26","2964.823","3.69",2,5,4,"254","At Risk"
"Tamara Manning",3110,"19","2955.226","4.21",2,5,4,"254","At Risk"
"Daniel Raglin",3057,"12","2950.958","5.00",4,3,4,"434","Average Customers"
"Christine Kargatis",3127,"12","2945.321","4.75",2,3,4,"234","At Risk"
"Thea Hudgings",3065,"9","2942.772","4.33",3,2,4,"324","Average Customers"
"Liz Thompson",3041,"14","2936.252","3.93",4,4,4,"444","Loyal Customers"
"Becky Castell",3209,"18","2933.676","2.72",2,5,4,"254","At Risk"
"Julie Kriz",3124,"17","2932.484","4.71",2,4,4,"244","At Risk"
"Maris LaWare",3061,"15","2921.500","4.53",3,4,4,"344","Average Customers"
"Rob Dowd",3187,"19","2912.894","4.63",2,5,4,"254","At Risk"
"Craig Yedwab",3067,"11","2900.026","3.91",3,3,4,"334","Average Customers"
"Sanjit Chand",3356,"20","2898.404","4.60",1,5,4,"154","At Risk"
"Neil Ducich",3190,"8","2893.455","3.50",2,2,4,"224","At Risk"
"Barry Französisch",3081,"21","2888.506","2.95",3,5,4,"354","Average Customers"
"David Smith",3030,"20","2881.813","5.05",5,5,4,"554","Loyal Customers"
"Paul Van Hugh",3096,"13","2876.046","4.15",3,3,4,"334","Average Customers"
"Chuck Clark",3007,"19","2870.050","3.95",5,5,4,"554","Loyal Customers"
"Theone Pippenger",3015,"15","2867.366","3.67",5,4,4,"544","Loyal Customers"
"Craig Carroll",3806,"12","2854.115","4.25",1,3,4,"134","At Risk"
"Arthur Wiediger",3053,"16","2852.968","4.19",4,4,4,"444","Loyal Customers"
"Harold Ryan",3288,"13","2848.827","4.08",1,4,4,"144","At Risk"
"Erin Ashbrook",3159,"25","2846.705","3.56",2,5,4,"254","At Risk"
"Linda Southworth",3185,"14","2845.270","5.14",2,4,4,"244","At Risk"
"Darren Budd",3248,"14","2839.227","3.57",1,4,4,"144","At Risk"
"Justin MacKendrick",3064,"19","2833.926","2.95",3,5,4,"354","Average Customers"
"Christina VanderZanden",3261,"13","2830.628","3.08",1,4,4,"144","At Risk"
"Troy Staebel",3062,"11","2820.424","3.64",3,3,4,"334","Average Customers"
"Gary Hansen",3082,"17","2819.467","4.29",3,4,4,"344","Average Customers"
"Barry Gonzalez",3035,"12","2798.948","3.50",4,3,4,"434","Average Customers"
"Trudy Brown",3037,"15","2797.668","3.27",4,4,4,"444","Loyal Customers"
"John Castell",3165,"16","2772.055","3.63",2,4,4,"244","At Risk"
"Philip Fox",3203,"10","2770.000","4.10",2,2,4,"224","At Risk"
"Emily Burns",3107,"11","2767.219","5.18",3,3,4,"334","Average Customers"
"Chris Selesnick",3033,"28","2754.216","3.57",5,5,4,"554","Loyal Customers"
"Michelle Moray",3068,"19","2749.881","4.63",3,5,4,"354","Average Customers"
"Ken Black",3237,"23","2744.742","4.39",1,5,4,"154","At Risk"
"Lauren Leatherbury",3256,"12","2741.204","2.75",1,3,4,"134","At Risk"
"Marc Crier",3083,"13","2725.982","3.92",3,4,4,"344","Average Customers"
"John Lucas",3621,"11","2725.256","4.27",1,3,4,"134","At Risk"
"Marina Lichtenstein",3076,"20","2722.843","5.10",3,5,4,"354","Average Customers"
"Jay Kimmel",3051,"17","2709.632","2.41",4,4,4,"444","Loyal Customers"
"Bradley Talbott",3098,"10","2684.492","3.00",3,2,4,"324","Average Customers"
"Bill Overfelt",3144,"12","2682.728","5.08",2,3,4,"234","At Risk"
"Claudia Bergmann",3204,"18","2682.166","3.17",2,5,4,"254","At Risk"
"Frank Olsen",3045,"15","2678.438","4.27",4,4,4,"444","Loyal Customers"
"Nicole Hansen",3196,"11","2673.290","5.00",2,3,4,"234","At Risk"
"Richard Bierner",3026,"16","2663.086","3.13",5,4,4,"544","Loyal Customers"
"Eva Jacobs",3064,"8","2656.691","4.63",3,2,4,"324","Average Customers"
"Dave Kipp",3049,"13","2650.557","3.31",4,4,4,"444","Loyal Customers"
"Christina Anderson",3063,"17","2648.287","4.00",3,4,4,"344","Average Customers"
"Jane Waco",3049,"13","2637.754","4.54",4,3,4,"434","Average Customers"
"Logan Currie",3020,"19","2633.582","3.74",5,5,4,"554","Loyal Customers"
"Ralph Arnett",3012,"17","2617.906","3.29",5,4,4,"544","Loyal Customers"
"Katherine Nockton",3026,"17","2617.272","4.00",5,4,4,"544","Loyal Customers"
"Sean O'Donnell",3036,"15","2602.576","5.53",4,4,4,"444","Loyal Customers"
"Jill Fjeld",3061,"15","2598.412","3.53",3,4,4,"344","Average Customers"
"Stephanie Ulpright",3027,"18","2595.364","1.83",5,5,4,"554","Loyal Customers"
"Helen Andreada",3027,"18","2584.158","3.67",5,5,4,"554","Loyal Customers"
"Lena Cacioppo",3034,"30","2580.704","3.43",4,5,4,"454","Loyal Customers"
"Deborah Brumfield",3060,"12","2576.497","4.58",4,3,4,"434","Average Customers"
"Steve Chapman",3096,"14","2576.408","4.43",3,4,4,"344","Average Customers"
"Neola Schneider",3013,"15","2575.863","2.60",5,4,4,"544","Loyal Customers"
"Beth Thompson",3343,"9","2567.656","4.78",1,2,4,"124","At Risk"
"Eleni McCrary",3139,"7","2567.010","2.00",2,2,4,"224","At Risk"
"Bruce Stewart",3008,"14","2562.382","4.93",5,4,4,"544","Loyal Customers"
"Nick Crebassa",3013,"13","2544.765","3.69",5,3,4,"534","Average Customers"
"Corey Catlett",3041,"12","2540.631","2.75",4,3,4,"434","Average Customers"
"Mitch Willingham",3051,"2","2537.946","2.00",4,1,4,"414","Average Customers"
"Ann Chong",3013,"18","2537.686","4.33",5,5,4,"554","Loyal Customers"
"Charles McCrossin",3033,"7","2533.314","4.14",5,2,4,"524","Average Customers"
"Herbert Flentye",3028,"19","2533.164","4.53",5,5,4,"554","Loyal Customers"
"Fred McMath",3152,"14","2523.266","4.00",2,4,4,"244","At Risk"
"Yoseph Carroll",3011,"7","2520.020","3.71",5,2,4,"524","Average Customers"
"Julia Barnett",3014,"9","2518.115","4.78",5,2,4,"524","Average Customers"
"Joy Smith",3035,"18","2516.494","5.06",4,5,4,"454","Loyal Customers"
"Don Jones",3055,"13","2501.688","3.77",4,3,4,"434","Average Customers"
"Amy Hunt",3237,"8","2495.392","4.38",1,2,4,"124","At Risk"
"Patrick O'Donnell",3007,"13","2493.214","3.92",5,3,4,"534","Average Customers"
"Kristen Hastings",3009,"14","2490.869","4.71",5,4,4,"544","Loyal Customers"
"Nick Zandusky",3092,"20","2488.310","3.90",3,5,4,"354","Average Customers"
"Sean Braxton",3054,"15","2477.951","3.53",4,4,4,"444","Loyal Customers"
"Michael Nguyen",3041,"10","2477.946","3.50",4,3,4,"434","Average Customers"
"Heather Kirkland",3158,"14","2477.824","4.50",2,4,4,"244","At Risk"
"Beth Paige",3019,"16","2475.157","3.94",5,4,4,"544","Loyal Customers"
"George Ashbrook",3156,"13","2472.126","3.85",2,3,4,"234","At Risk"
"Charles Crestani",3113,"11","2471.650","3.91",2,3,4,"234","At Risk"
"Nathan Mautz",3167,"13","2467.364","3.92",2,3,4,"234","At Risk"
"Nat Carroll",3231,"17","2461.404","1.53",2,4,4,"244","At Risk"
"Filia McAdams",3014,"15","2456.638","3.67",5,4,4,"544","Loyal Customers"
"Mark Hamilton",3092,"11","2456.182","3.18",3,3,4,"334","Average Customers"
"Brendan Sweed",3042,"10","2454.928","4.90",4,3,4,"434","Average Customers"
"Valerie Mitchum",3061,"12","2454.866","2.50",3,3,4,"334","Average Customers"
"Michelle Arnett",3193,"12","2453.284","4.33",2,3,4,"234","At Risk"
"Bart Pistole",3024,"20","2442.044","3.40",5,5,4,"554","Loyal Customers"
"Matt Collister",3058,"17","2426.067","4.12",4,4,4,"444","Loyal Customers"
"Thea Hendricks",3351,"7","2422.824","4.57",1,1,4,"114","At Risk"
"Sean Miller",3086,"14","2404.570","4.21",3,4,4,"344","Average Customers"
"Marc Harrigan",3126,"13","2394.025","3.31",2,3,4,"234","At Risk"
"David Flashing",3707,"6","2390.534","4.00",1,1,4,"114","At Risk"
"Xylona Preis",3050,"28","2374.658","4.89",4,5,4,"454","Loyal Customers"
"Hunter Lopez",3095,"10","2373.328","5.30",3,3,4,"334","Average Customers"
"Clytie Kelty",3050,"25","2372.750","2.72",4,5,4,"454","Loyal Customers"
"Cynthia Voltz",3012,"19","2370.314","3.58",5,5,4,"554","Loyal Customers"
"Nick Radford",3217,"13","2367.277","5.69",2,3,4,"234","At Risk"
"Andrew Gjertsen",3085,"21","2356.855","3.90",3,5,4,"354","Average Customers"
"Corinna Mitchell",3034,"8","2354.708","4.13",4,2,4,"424","Average Customers"
"Craig Leslie",3112,"8","2353.586","4.13",2,2,4,"224","At Risk"
"Maureen Gastineau",3099,"10","2350.188","1.60",3,3,4,"334","Average Customers"
"Resi Pölking",3040,"24","2345.244","2.29",4,5,4,"454","Loyal Customers"
"Roland Fjeld",3096,"14","2341.296","4.00",3,4,4,"344","Average Customers"
"Elizabeth Moffitt",3062,"16","2339.598","4.50",3,4,4,"344","Average Customers"
"Dean Braden",3016,"21","2332.577","3.67",5,5,4,"554","Loyal Customers"
"Shirley Daniels",3207,"20","2308.144","3.85",2,5,4,"254","At Risk"
"Chris McAfee",3392,"8","2305.712","4.00",1,2,4,"124","At Risk"
"Michael Kennedy",3035,"17","2302.368","3.71",4,4,4,"444","Loyal Customers"
"Lena Hernandez",3028,"15","2295.332","4.13",5,4,4,"544","Loyal Customers"
"Kristina Nunn",3105,"15","2280.580","5.40",3,4,4,"344","Average Customers"
"Jamie Frazer",3072,"19","2279.586","4.74",3,5,3,"353","Average Customers"
"Bill Eplett",3126,"8","2275.896","4.50",2,2,3,"223","At Risk"
"Fred Harton",3219,"14","2271.284","4.50",2,4,3,"243","At Risk"
"Craig Carreira",3036,"14","2269.702","3.71",4,4,3,"443","Loyal Customers"
"Kalyca Meade",3021,"19","2260.958","4.63",5,5,3,"553","Loyal Customers"
"Matt Connell",3119,"18","2258.192","2.89",2,5,3,"253","At Risk"
"Justin Hirsh",3411,"5","2256.394","3.80",1,1,3,"113","At Risk"
"Maribeth Yedwab",3036,"13","2254.285","5.23",4,3,3,"433","Average Customers"
"Fred Chung",3191,"9","2248.666","3.33",2,2,3,"223","At Risk"
"Ken Dana",3296,"13","2243.510","3.62",1,3,3,"133","At Risk"
"Tony Sayre",3018,"14","2243.274","4.14",5,4,3,"543","Loyal Customers"
"Jason Gross",3009,"11","2240.580","2.91",5,3,3,"533","Average Customers"
"Laurel Workman",3095,"15","2238.061","4.07",3,4,3,"343","Average Customers"
"Maribeth Schnelling",3280,"22","2237.276","4.55",1,5,3,"153","At Risk"
"Allen Rosenblatt",3132,"7","2236.128","4.14",2,1,3,"213","At Risk"
"Greg Guthrie",3050,"24","2224.000","4.08",4,5,3,"453","Loyal Customers"
"Nathan Cano",3048,"14","2218.990","4.64",4,4,3,"443","Loyal Customers"
"Mick Crebagga",3048,"19","2218.980","3.63",4,5,3,"453","Loyal Customers"
"Dave Poirier",3013,"14","2215.002","4.86",5,4,3,"543","Loyal Customers"
"Maya Herman",3105,"11","2203.778","3.27",3,3,3,"333","Average Customers"
"Janet Lee",3126,"10","2203.700","4.60",2,3,3,"233","At Risk"
"Justin Ritter",3040,"10","2201.686","4.90",4,3,3,"433","Average Customers"
"Edward Nazzal",3294,"9","2199.366","1.56",1,2,3,"123","At Risk"
"Toby Braunhardt",3590,"11","2198.450","4.18",1,3,3,"133","At Risk"
"Giulietta Weimer",3035,"9","2189.019","5.00",4,2,3,"423","Average Customers"
"Bill Tyler",3309,"10","2186.613","4.40",1,2,3,"123","At Risk"
"Pamela Stobb",3114,"21","2181.479","2.67",2,5,3,"253","At Risk"
"Shahid Hopkins",3030,"15","2180.718","3.40",5,4,3,"543","Loyal Customers"
"Kean Nguyen",3059,"8","2171.962","4.50",4,2,3,"423","Average Customers"
"Daniel Byrd",3028,"12","2171.599","3.67",5,3,3,"533","Average Customers"
"Roy Phan",3035,"15","2170.716","5.07",4,4,3,"443","Loyal Customers"
"Theresa Swint",3511,"17","2163.624","4.00",1,4,3,"143","At Risk"
"Helen Abelman",3076,"10","2163.300","4.10",3,2,3,"323","Average Customers"
"John Dryer",3124,"7","2152.352","4.86",2,2,3,"223","At Risk"
"Clay Rozendal",3064,"6","2148.852","3.83",3,1,3,"313","Average Customers"
"Duane Noonan",3224,"11","2139.790","4.91",2,3,3,"233","At Risk"
"Tom Boeckenhauer",3209,"16","2134.030","3.00",2,4,3,"243","At Risk"
"Grace Kelly",3119,"12","2127.346","3.33",2,3,3,"233","At Risk"
"Stefanie Holloman",3772,"2","2096.392","4.50",1,1,3,"113","At Risk"
"Liz Carlisle",3061,"9","2095.064","4.33",3,2,3,"323","Average Customers"
"Rob Haberlin",3541,"11","2085.740","4.09",1,3,3,"133","At Risk"
"Trudy Glocke",3121,"10","2074.661","1.60",2,3,3,"233","At Risk"
"Max Ludwig",3036,"13","2071.914","5.08",4,3,3,"433","Average Customers"
"Roger Barcio",3061,"7","2067.450","3.29",3,2,3,"323","Average Customers"
"Toby Gnade",3344,"8","2058.392","3.75",1,2,3,"123","At Risk"
"Tom Stivers",3179,"7","2054.140","4.29",2,1,3,"213","At Risk"
"Art Ferguson",3048,"16","2052.908","5.00",4,4,3,"443","Loyal Customers"
"Carlos Daly",3047,"9","2033.968","3.44",4,2,3,"423","Average Customers"
"Nicole Fjeld",3121,"12","2031.472","3.75",2,3,3,"233","At Risk"
"Sue Ann Reed",3070,"20","2031.390","3.65",3,5,3,"353","Average Customers"
"Rick Huthwaite",3474,"10","2015.350","2.90",1,3,3,"133","At Risk"
"Denny Joy",3644,"5","2012.520","4.80",1,1,3,"113","At Risk"
"Victoria Brennan",3061,"10","2005.596","3.90",3,2,3,"323","Average Customers"
"Sarah Brown",3195,"10","1997.708","3.20",2,2,3,"223","At Risk"
"Harold Pawlan",3037,"10","1990.314","3.50",4,2,3,"423","Average Customers"
"Doug Bickford",3040,"11","1989.050","3.82",4,3,3,"433","Average Customers"
"Paul Gonzalez",3064,"17","1987.164","4.71",3,4,3,"343","Average Customers"
"Nona Balk",3026,"17","1972.599","2.94",5,4,3,"543","Loyal Customers"
"Scott Williamson",3037,"7","1966.650","4.43",4,2,3,"423","Average Customers"
"Lisa DeCherney",3421,"7","1961.934","4.29",1,1,3,"113","At Risk"
"Christy Brittain",3033,"12","1949.200","4.00",5,3,3,"533","Average Customers"
"Tracy Poddar",3357,"10","1936.640","2.10",1,2,3,"123","At Risk"
"Jas O'Carroll",3099,"11","1934.272","4.27",3,3,3,"333","Average Customers"
"Jay Fein",3112,"16","1911.844","3.13",2,4,3,"243","At Risk"
"Max Engle",3035,"13","1908.453","3.08",4,4,3,"443","Loyal Customers"
"Susan Vittorini",3009,"13","1903.491","3.69",5,4,3,"543","Loyal Customers"
"Katherine Ducich",3048,"10","1888.964","3.30",4,3,3,"433","Average Customers"
"Giulietta Dortch",3012,"6","1888.070","2.83",5,1,3,"513","Average Customers"
"Greg Maxwell",3124,"10","1885.916","4.00",2,3,3,"233","At Risk"
"Sheri Gordon",3190,"14","1884.798","3.71",2,4,3,"243","At Risk"
"Lisa Ryan",3139,"12","1879.306","5.25",2,3,3,"233","At Risk"
"Shaun Chance",3043,"10","1874.998","4.20",4,3,3,"433","Average Customers"
"Brooke Gillingham",3043,"8","1874.172","4.00",4,2,3,"423","Average Customers"
"Stephanie Phelps",3393,"15","1872.436","3.87",1,4,3,"143","At Risk"
"Nat Gilpin",3055,"16","1869.580","3.44",4,4,3,"443","Loyal Customers"
"Peter McVee",3058,"6","1865.752","4.50",4,1,3,"413","Average Customers"
"Cynthia Delaney",3406,"15","1860.732","4.27",1,4,3,"143","At Risk"
"Skye Norling",3118,"15","1860.418","4.87",2,4,3,"243","At Risk"
"Patrick Ryan",3043,"12","1840.178","2.08",4,3,3,"433","Average Customers"
"Ashley Jarboe",3092,"10","1839.240","4.20",3,2,3,"323","Average Customers"
"Pamela Coakley",3009,"5","1832.064","3.20",5,1,3,"513","Average Customers"
"Emily Grady",3029,"9","1832.020","3.78",5,2,3,"523","Average Customers"
"Joseph Airdo",3099,"23","1827.290","4.35",3,5,3,"353","Average Customers"
"Noah Childs",3211,"9","1821.742","4.11",2,2,3,"223","At Risk"
"Janet Molinari",3044,"13","1804.146","4.46",4,4,3,"443","Loyal Customers"
"Jennifer Braxton",3014,"16","1791.605","4.00",5,4,3,"543","Loyal Customers"
"Andrew Allen",3266,"12","1790.512","5.42",1,3,3,"133","At Risk"
"Carol Adams",3103,"9","1789.763","4.56",3,2,3,"323","Average Customers"
"Chad Cunningham",3464,"13","1770.945","3.31",1,3,3,"133","At Risk"
"Dianna Wilson",3224,"9","1766.518","4.56",2,2,3,"223","At Risk"
"Darrin Sayre",3100,"19","1762.213","3.42",3,5,3,"353","Average Customers"
"Monica Federle",3014,"12","1758.300","5.67",5,3,3,"533","Average Customers"
"Aaron Hawkins",3019,"11","1744.700","3.45",5,3,3,"533","Average Customers"
"Logan Haushalter",3392,"19","1739.689","3.11",1,5,3,"153","At Risk"
"Ben Wallace",3210,"10","1738.406","4.20",2,3,3,"233","At Risk"
"Valerie Takahito",4007,"9","1736.596","4.89",1,2,3,"123","At Risk"
"Adrian Hane",3067,"16","1735.514","3.38",3,4,3,"343","Average Customers"
"Mike Vittorini",3026,"11","1734.574","3.55",5,3,3,"533","Average Customers"
"Jessica Myrick",3109,"10","1733.443","4.20",3,2,3,"323","Average Customers"
"Brad Eason",3261,"13","1727.652","2.92",1,3,3,"133","At Risk"
"Denny Blanton",3194,"14","1711.692","4.43",2,4,3,"243","At Risk"
"Julie Prescott",3109,"13","1707.710","4.00",3,3,3,"333","Average Customers"
"Tracy Zic",3042,"9","1707.286","4.11",4,2,3,"423","Average Customers"
"Shaun Weien",3169,"8","1703.976","3.88",2,2,3,"223","At Risk"
"Quincy Jones",3032,"12","1703.438","4.92",5,3,3,"533","Average Customers"
"Jeremy Lonsdale",3056,"16","1700.774","4.38",4,4,3,"443","Loyal Customers"
"Bart Watters",3128,"16","1690.376","5.50",2,4,3,"243","At Risk"
"Hunter Glantz",3013,"10","1690.324","3.00",5,3,3,"533","Average Customers"
"Jack O'Briant",3064,"12","1689.069","3.25",3,3,3,"333","Average Customers"
"Darren Koutras",3014,"8","1687.040","4.00",5,2,3,"523","Average Customers"
"Meg O'Connel",3111,"11","1687.027","4.27",2,3,3,"233","At Risk"
"Ryan Akin",3068,"9","1686.923","2.78",3,2,3,"323","Average Customers"
"Katrina Edelman",3033,"15","1686.731","4.00",4,4,3,"443","Loyal Customers"
"Cathy Armstrong",3408,"10","1679.724","5.10",1,3,3,"133","At Risk"
"Candace McMahon",3138,"10","1673.888","4.10",2,2,3,"223","At Risk"
"Jennifer Patt",3044,"15","1669.135","3.93",4,4,3,"443","Loyal Customers"
"Chad McGuire",3015,"7","1661.610","3.14",5,2,3,"523","Average Customers"
"Cindy Chapman",3046,"13","1659.438","3.23",4,4,3,"443","Loyal Customers"
"Tracy Blumstein",3114,"19","1654.056","3.89",2,5,3,"253","At Risk"
"Doug Jacobs",3019,"7","1651.838","5.00",5,2,3,"523","Average Customers"
"Erica Bern",3007,"6","1643.255","4.00",5,1,3,"513","Average Customers"
"Anne Pryor",3048,"19","1638.554","4.00",4,5,3,"453","Loyal Customers"
"Luke Weiss",3028,"14","1635.222","3.50",5,4,3,"543","Loyal Customers"
"Alex Avila",3191,"10","1633.488","4.80",2,2,3,"223","At Risk"
"Annie Zypern",3167,"12","1622.018","3.67",2,3,3,"233","At Risk"
"Maurice Satty",3420,"15","1613.402","3.20",1,4,3,"143","At Risk"
"Tim Brockman",3356,"19","1602.376","4.05",1,5,3,"153","At Risk"
"Craig Reiter",3085,"6","1600.550","5.00",3,1,3,"313","Average Customers"
"Joseph Holt",3036,"12","1596.610","4.75",4,3,3,"433","Average Customers"
"Alan Haines",3062,"8","1587.452","2.75",3,2,3,"323","Average Customers"
"Benjamin Farhat",3072,"8","1585.162","5.13",3,2,3,"323","Average Customers"
"Cyma Kinney",3089,"14","1582.109","4.71",3,4,3,"343","Average Customers"
"Mike Caudle",3376,"11","1581.998","4.73",1,3,3,"133","At Risk"
"James Lanier",3013,"7","1571.523","4.86",5,1,3,"513","Average Customers"
"Karl Braun",3303,"22","1569.464","5.14",1,5,3,"153","At Risk"
"George Bell",3069,"20","1568.440","4.35",3,5,3,"353","Average Customers"
"Odella Nelson",3417,"15","1567.520","4.07",1,4,3,"143","At Risk"
"Mark Van Huff",3034,"15","1560.050","4.07",4,4,3,"443","Loyal Customers"
"Tamara Chand",3406,"11","1552.268","5.82",1,3,3,"133","At Risk"
"Maria Bertelson",3055,"19","1548.702","3.16",4,5,3,"453","Loyal Customers"
"Brian DeCherney",3076,"8","1538.110","2.13",3,2,3,"323","Average Customers"
"Cathy Hwang",3698,"4","1537.236","4.25",1,1,3,"113","At Risk"
"Bruce Degenhardt",3100,"10","1526.500","3.70",3,2,3,"323","Average Customers"
"Benjamin Venier",3341,"14","1523.273","4.50",1,4,3,"143","At Risk"
"Kelly Andreada",3043,"11","1519.506","4.91",4,3,3,"433","Average Customers"
"Ann Blume",3057,"8","1515.862","2.38",4,2,3,"423","Average Customers"
"John Grady",3230,"9","1507.018","4.00",2,2,3,"223","At Risk"
"Dan Lawera",3107,"14","1503.112","5.64",3,4,3,"343","Average Customers"
"Zuschuss Donatelli",3209,"9","1493.944","3.78",2,2,3,"223","At Risk"
"Frank Carlisle",3077,"13","1491.152","3.46",3,3,3,"333","Average Customers"
"Scot Coram",3156,"10","1484.902","5.40",2,3,3,"233","At Risk"
"Charlotte Melton",3015,"7","1475.144","1.71",5,1,3,"513","Average Customers"
"Bradley Drucker",3042,"9","1471.313","4.56",4,2,3,"423","Average Customers"
"Laurel Elliston",3028,"9","1469.450","3.78",5,2,3,"523","Average Customers"
"Ted Butterfield",3126,"18","1467.881","3.17",2,5,3,"253","At Risk"
"Parhena Norris",3037,"13","1467.152","3.23",4,3,3,"433","Average Customers"
"Ralph Kennedy",3126,"8","1460.192","4.88",2,2,3,"223","At Risk"
"Bradley Nguyen",3016,"17","1459.344","5.18",5,4,3,"543","Loyal Customers"
"Robert Marley",3013,"9","1458.444","3.89",5,2,3,"523","Average Customers"
"Delfina Latchford",3029,"17","1458.258","3.00",5,4,2,"542","Loyal Customers"
"Philip Brown",3104,"11","1456.950","4.64",3,3,2,"332","Average Customers"
"Andy Gerbode",3852,"9","1455.038","5.56",1,2,2,"122","At Risk"
"Raymond Messe",3352,"9","1453.474","4.11",1,2,2,"122","At Risk"
"Paul Knutson",3490,"3","1441.152","3.00",1,1,2,"112","At Risk"
"Tamara Dahlen",3044,"16","1434.548","2.44",4,4,2,"442","Loyal Customers"
"Julia West",3468,"7","1428.731","5.43",1,2,2,"122","At Risk"
"Mick Brown",3051,"10","1428.231","3.30",4,2,2,"422","Average Customers"
"Thomas Thornton",3190,"15","1427.044","2.93",2,4,2,"242","At Risk"
"Christine Abelman",3020,"11","1421.954","4.64",5,3,2,"532","Average Customers"
"Roger Demir",3028,"20","1419.737","4.35",5,5,2,"552","Loyal Customers"
"Nancy Lomonaco",3065,"10","1418.090","2.80",3,2,2,"322","Average Customers"
"Jill Stevenson",3126,"8","1417.654","4.88",2,2,2,"222","At Risk"
"Paul MacIntyre",3393,"4","1405.402","3.50",1,1,2,"112","At Risk"
"Bill Shonely",3565,"8","1401.723","3.50",1,2,2,"122","At Risk"
"Guy Armstrong",3012,"22","1398.382","4.59",5,5,2,"552","Loyal Customers"
"Cyra Reiten",3092,"7","1397.872","4.00",3,1,2,"312","Average Customers"
"Nathan Gelder",3055,"9","1395.938","4.33",4,2,2,"422","Average Customers"
"Mark Cousins",3406,"9","1392.138","3.89",1,2,2,"122","At Risk"
"Jeremy Ellison",3200,"13","1388.682","5.15",2,3,2,"232","At Risk"
"Troy Blackwell",3292,"7","1387.559","3.57",1,1,2,"112","At Risk"
"Denise Monton",3029,"12","1383.502","5.17",5,3,2,"532","Average Customers"
"Frank Gastineau",3041,"11","1383.144","4.09",4,3,2,"432","Average Customers"
"Pierre Wener",3471,"11","1380.435","2.73",1,3,2,"132","At Risk"
"Don Miller",3488,"10","1376.792","3.10",1,2,2,"122","At Risk"
"Gene Hale",3394,"3","1361.244","3.00",1,1,2,"112","At Risk"
"Grant Thornton",3063,"5","1351.232","4.20",3,1,2,"312","Average Customers"
"Sarah Bern",3208,"7","1348.020","5.71",2,1,2,"212","At Risk"
"Liz MacKendrick",3398,"7","1346.774","4.43",1,1,2,"112","At Risk"
"Maureen Gnade",3562,"7","1342.282","5.00",1,1,2,"112","At Risk"
"Sarah Jordon",3036,"10","1341.036","3.50",4,3,2,"432","Average Customers"
"Thomas Boland",3065,"10","1339.386","4.10",3,3,2,"332","Average Customers"
"Bryan Mills",3225,"14","1338.842","3.36",2,4,2,"242","At Risk"
"Katrina Willman",3103,"9","1336.520","4.44",3,2,2,"322","Average Customers"
"Barry Franz",3046,"10","1333.880","4.10",4,3,2,"432","Average Customers"
"Saphhira Shifley",3022,"21","1324.028","3.95",5,5,2,"552","Loyal Customers"
"Dario Medina",3121,"9","1322.034","4.11",2,2,2,"222","At Risk"
"Michelle Tran",3210,"11","1319.450","4.45",2,3,2,"232","At Risk"
"Shirley Jackson",3260,"7","1318.776","4.43",1,2,2,"122","At Risk"
"Magdelene Morse",3175,"6","1314.023","4.83",2,1,2,"212","At Risk"
"Rick Hansen",3039,"7","1311.726","1.86",4,1,2,"412","Average Customers"
"Sibella Parks",3334,"10","1306.086","4.40",1,3,2,"132","At Risk"
"Matt Collins",3034,"11","1303.893","4.55",4,3,2,"432","Average Customers"
"Eileen Kiefer",3051,"4","1303.478","3.25",4,1,2,"412","Average Customers"
"Corey-Lock",3556,"8","1300.076","5.13",1,2,2,"122","At Risk"
"Denny Ordway",3140,"13","1300.032","3.23",2,3,2,"232","At Risk"
"Hallie Redmond",3020,"13","1299.288","5.15",5,3,2,"532","Average Customers"
"Georgia Rosenberg",4142,"5","1284.380","5.80",1,1,2,"112","At Risk"
"Cari Sayre",3098,"8","1278.954","2.88",3,2,2,"322","Average Customers"
"Paul Stevenson",3076,"13","1278.639","3.23",3,3,2,"332","Average Customers"
"Stuart Van",3083,"6","1271.090","3.67",3,1,2,"312","Average Customers"
"Juliana Krohn",3096,"8","1267.708","6.50",3,2,2,"322","Average Customers"
"Doug O'Connell",3033,"11","1267.316","4.45",4,3,2,"432","Average Customers"
"Carl Ludwig",3113,"7","1262.014","2.29",2,1,2,"212","At Risk"
"Liz Willingham",3212,"5","1259.040","3.40",2,1,2,"212","At Risk"
"Michelle Ellison",3099,"6","1256.944","4.17",3,1,2,"312","Average Customers"
"Gene McClure",3113,"13","1255.682","5.00",2,3,2,"232","At Risk"
"Steve Carroll",3133,"8","1254.640","5.38",2,2,2,"222","At Risk"
"Matt Hagelstein",3162,"6","1252.800","3.67",2,1,2,"212","At Risk"
"Alejandro Grove",3285,"13","1246.458","4.00",1,3,2,"132","At Risk"
"Elpida Rittenbach",3428,"5","1245.788","3.00",1,1,2,"112","At Risk"
"Tony Chapman",3160,"11","1244.976","3.64",2,3,2,"232","At Risk"
"Joni Wasserman",3012,"11","1244.086","4.00",5,3,2,"532","Average Customers"
"Michael Grace",3123,"7","1242.833","3.86",2,2,2,"222","At Risk"
"Penelope Sewall",3277,"11","1239.202","4.00",1,3,2,"132","At Risk"
"Cathy Prescott",3089,"13","1238.204","3.54",3,3,2,"332","Average Customers"
"Patrick Jones",3046,"13","1220.090","4.15",4,3,2,"432","Average Customers"
"Erica Hernandez",3009,"11","1219.530","2.45",5,3,2,"532","Average Customers"
"Deirdre Greer",3039,"7","1215.928","2.57",4,1,2,"412","Average Customers"
"Jack Lebron",3015,"12","1214.956","4.67",5,3,2,"532","Average Customers"
"Robert Dilbeck",3471,"4","1208.692","4.75",1,1,2,"112","At Risk"
"Annie Thurman",3020,"15","1206.744","4.20",5,4,2,"542","Loyal Customers"
"Christina DeMoss",3049,"13","1205.584","4.23",4,3,2,"432","Average Customers"
"Michael Dominguez",3043,"8","1204.910","3.75",4,2,2,"422","Average Customers"
"Dorothy Wardle",3249,"10","1204.854","3.80",1,3,2,"132","At Risk"
"Cindy Stewart",3065,"8","1190.070","5.13",3,2,2,"322","Average Customers"
"Evan Bailliet",3089,"7","1186.326","3.29",3,1,2,"312","Average Customers"
"Benjamin Patterson",3046,"6","1181.490","5.00",4,1,2,"412","Average Customers"
"Sean Christensen",3036,"11","1175.145","3.91",4,3,2,"432","Average Customers"
"Debra Catini",3030,"7","1174.618","3.29",5,1,2,"512","Average Customers"
"Alyssa Tate",3028,"9","1171.814","4.44",5,2,2,"522","Average Customers"
"Andy Reiter",3013,"8","1164.488","3.13",5,2,2,"522","Average Customers"
"Jim Radford",3600,"3","1156.658","5.00",1,1,2,"112","At Risk"
"Duane Benoit",3019,"10","1155.202","5.30",5,3,2,"532","Average Customers"
"Erica Smith",3047,"7","1152.970","5.00",4,1,2,"412","Average Customers"
"Claire Gute",3345,"5","1148.780","1.40",1,1,2,"112","At Risk"
"Kimberly Carter",3064,"7","1146.050","4.00",3,1,2,"312","Average Customers"
"Deanra Eno",3726,"8","1142.774","2.75",1,2,2,"122","At Risk"
"Ross DeVincentis",3021,"16","1137.616","3.88",5,4,2,"542","Loyal Customers"
"Carl Weiss",3029,"11","1136.592","3.73",5,3,2,"532","Average Customers"
"Jim Sink",3049,"11","1131.064","5.55",4,3,2,"432","Average Customers"
"Darrin Van Huff",3026,"9","1119.483","4.22",5,2,2,"522","Average Customers"
"Raymond Buch",3103,"17","1117.379","2.94",3,4,2,"342","Average Customers"
"Alan Barnes",3032,"14","1113.838","4.36",5,4,2,"542","Loyal Customers"
"Ed Jacobs",3309,"7","1112.734","5.14",1,2,2,"122","At Risk"
"Phillip Flathmann",3121,"9","1104.648","3.78",2,2,2,"222","At Risk"
"Tony Molinari",3137,"4","1094.678","2.50",2,1,2,"212","At Risk"
"Jesus Ocampo",3222,"11","1090.838","3.55",2,3,2,"232","At Risk"
"Scot Wooten",3088,"10","1085.078","3.50",3,3,2,"332","Average Customers"
"Jeremy Farry",3128,"15","1082.918","3.87",2,4,2,"242","At Risk"
"Dennis Bolton",3271,"6","1081.466","4.50",1,1,2,"112","At Risk"
"David Wiener",3076,"9","1080.751","5.11",3,2,2,"322","Average Customers"
"Cindy Schnelling",3431,"9","1077.229","4.67",1,2,2,"122","At Risk"
"Pauline Chand",3889,"3","1061.488","5.67",1,1,2,"112","At Risk"
"David Philippe",3819,"4","1058.616","3.25",1,1,2,"112","At Risk"
"Phillina Ober",3093,"10","1056.858","3.20",3,3,2,"332","Average Customers"
"Allen Armold",3026,"15","1056.390","3.27",5,4,2,"542","Loyal Customers"
"Vivek Sundaresam",3228,"8","1055.981","4.38",2,2,2,"222","At Risk"
"Alex Russell",3118,"5","1055.694","3.80",2,1,2,"212","At Risk"
"Darren Powers",3133,"17","1050.636","4.41",2,4,2,"242","At Risk"
"Duane Huffman",3783,"11","1043.096","2.55",1,3,2,"132","At Risk"
"Susan MacKendrick",3613,"6","1043.041","2.00",1,1,2,"112","At Risk"
"Eudokia Martin",3120,"10","1041.042","2.30",2,2,2,"222","At Risk"
"Theresa Coyne",3113,"4","1038.260","4.00",2,1,2,"212","At Risk"
"Mike Kennedy",3247,"11","1031.602","4.91",1,3,2,"132","At Risk"
"Tiffany House",3124,"13","1022.201","4.15",2,4,2,"242","At Risk"
"Sean Wendt",3169,"6","1019.044","4.83",2,1,2,"212","At Risk"
"Luke Schmidt",3103,"14","1010.256","3.29",3,4,2,"342","Average Customers"
"Randy Bradley",3075,"6","1008.196","5.67",3,1,2,"312","Average Customers"
"Lynn Smith",3041,"12","1008.136","1.33",4,3,2,"432","Average Customers"
"Bruce Geld",3064,"7","1006.356","4.43",3,1,2,"312","Average Customers"
"Tom Ashbrook",3076,"8","996.052","4.38",3,2,2,"322","Average Customers"
"Victor Preis",3037,"5","993.902","4.40",4,1,2,"412","Average Customers"
"Ken Brennan",3008,"9","983.922","3.44",5,2,2,"522","Average Customers"
"Barry Pond",3090,"7","983.420","4.43",3,1,2,"312","Average Customers"
"Toby Swindell",3233,"12","974.782","3.25",2,3,2,"232","At Risk"
"Russell D'Ascenzo",3049,"10","970.942","3.50",4,2,2,"422","Average Customers"
"Aimee Bixby",3048,"12","966.710","2.83",4,3,2,"432","Average Customers"
"Roy Collins",3376,"10","966.409","2.00",1,2,2,"122","At Risk"
"Sung Shariari",3127,"15","964.636","5.80",2,4,2,"242","At Risk"
"Ellis Ballard",3097,"7","964.448","6.00",3,1,2,"312","Average Customers"
"Jonathan Howell",3048,"9","959.477","4.22",4,2,2,"422","Average Customers"
"Jason Fortune-",3232,"14","955.124","4.50",2,4,2,"242","At Risk"
"Rachel Payne",3503,"12","954.645","3.50",1,3,2,"132","At Risk"
"Bryan Spruell",3272,"8","949.430","2.75",1,2,2,"122","At Risk"
"Max Jones",3029,"13","948.026","4.31",5,4,2,"542","Loyal Customers"
"Roy Französisch",3013,"11","945.222","3.64",5,3,2,"532","Average Customers"
"Dennis Pardue",3365,"13","944.748","4.31",1,4,2,"142","At Risk"
"Eric Barreto",3168,"7","944.600","5.14",2,1,2,"212","At Risk"
"Steven Roelle",3203,"11","941.386","4.09",2,3,2,"232","At Risk"
"Maureen Fritzler",3428,"8","937.039","4.50",1,2,2,"122","At Risk"
"Eric Murdock",3158,"6","933.704","3.83",2,1,2,"212","At Risk"
"Christopher Conant",3050,"9","929.136","3.56",4,2,2,"422","Average Customers"
"Alyssa Crouse",3239,"5","925.800","4.00",1,1,2,"112","At Risk"
"Evan Henry",3112,"8","923.884","4.63",2,2,2,"222","At Risk"
"Mary O'Rourke",3079,"5","922.487","2.40",3,1,2,"312","Average Customers"
"Alejandro Ballentine",3173,"14","914.532","4.36",2,4,2,"242","At Risk"
"Tom Prescott",3111,"9","912.831","3.89",2,2,2,"222","At Risk"
"Katrina Bavinger",3124,"9","908.821","3.22",2,2,2,"222","At Risk"
"Gary Hwang",3057,"9","906.470","4.78",4,2,2,"422","Average Customers"
"Catherine Glotzbach",3056,"9","904.468","4.78",4,2,2,"422","Average Customers"
"Sonia Cooley",3099,"7","902.728","4.00",3,1,2,"312","Average Customers"
"Joni Blumstein",3744,"8","900.552","3.00",1,2,2,"122","At Risk"
"Jennifer Ferguson",3009,"13","899.488","2.92",5,3,2,"532","Average Customers"
"Henia Zydlo",3042,"6","886.520","4.50",4,1,2,"412","Average Customers"
"Aaron Bergman",3422,"6","886.156","2.17",1,1,2,"112","At Risk"
"Ryan Crowe",3117,"11","885.752","3.73",2,3,2,"232","At Risk"
"Chad Sievert",3496,"7","884.640","4.57",1,1,2,"112","At Risk"
"Harold Engle",3019,"11","883.532","4.73",5,3,2,"532","Average Customers"
"Sally Knutson",3015,"5","883.409","4.00",5,1,1,"511","Average Customers"
"Richard Eichhorn",3309,"9","876.696","3.44",1,2,1,"121","At Risk"
"Jim Mitchum",3015,"12","864.947","3.50",5,3,1,"531","Average Customers"
"Jocasta Rupert",3075,"1","863.880","4.00",3,1,1,"311","Average Customers"
"Emily Ducich",3142,"13","863.598","4.54",2,4,1,"241","At Risk"
"Art Foster",3422,"7","861.565","3.57",1,2,1,"121","At Risk"
"Julie Creighton",3064,"9","858.576","5.00",3,2,1,"321","Average Customers"
"Michael Stewart",3033,"11","855.116","4.36",5,3,1,"531","Average Customers"
"Jamie Kunitz",3068,"11","853.142","5.45",3,3,1,"331","Average Customers"
"Vicky Freymann",3020,"11","847.944","3.73",5,3,1,"531","Average Customers"
"Vivek Gonzalez",3161,"8","846.010","3.63",2,2,1,"221","At Risk"
"Charles Sheldon",3239,"8","844.458","5.25",1,2,1,"121","At Risk"
"Todd Boyes",3153,"13","834.328","2.31",2,4,1,"241","At Risk"
"Ann Steele",3099,"12","833.398","5.50",3,3,1,"331","Average Customers"
"Erica Hackney",3412,"8","825.950","3.75",1,2,1,"121","At Risk"
"Thomas Brumley",3056,"4","816.174","3.00",4,1,1,"411","Average Customers"
"Alice McCarthy",3035,"12","814.012","2.58",4,3,1,"431","Average Customers"
"Brendan Murry",3107,"10","808.162","4.10",3,3,1,"331","Average Customers"
"George Zrebassa",3164,"4","804.672","4.75",2,1,1,"211","At Risk"
"Karen Carlisle",3566,"9","800.994","2.78",1,2,1,"121","At Risk"
"David Kendrick",3017,"5","797.832","5.20",5,1,1,"511","Average Customers"
"Matthew Clasen",3196,"8","795.154","5.00",2,2,1,"221","At Risk"
"Beth Fritzler",3064,"4","791.990","4.25",3,1,1,"311","Average Customers"
"Harry Greene",3061,"10","785.628","3.60",3,2,1,"321","Average Customers"
"Michael Granlund",3106,"13","776.384","4.31",3,4,1,"341","Average Customers"
"Muhammed MacIntyre",3092,"12","775.414","4.08",3,3,1,"331","Average Customers"
"Sandra Flanagan",3066,"9","763.546","2.44",3,2,1,"321","Average Customers"
"Steven Ward",3541,"8","758.696","4.25",1,2,1,"121","At Risk"
"Sarah Foster",3066,"14","757.166","3.21",3,4,1,"341","Average Customers"
"Liz Pelletier",3047,"9","756.606","2.89",4,2,1,"421","Average Customers"
"Dorris liebe",3126,"6","755.602","5.00",2,1,1,"211","At Risk"
"Justin Ellison",3027,"6","745.408","3.50",5,1,1,"511","Average Customers"
"Ivan Gibson",3078,"7","744.574","5.86",3,2,1,"321","Average Customers"
"Barry Blumstein",3112,"8","744.340","4.13",2,2,1,"221","At Risk"
"Tracy Collins",3011,"10","742.558","3.60",5,2,1,"521","Average Customers"
"Michelle Lonsdale",3086,"4","742.082","5.75",3,1,1,"311","Average Customers"
"Ritsa Hightower",3526,"3","740.382","4.67",1,1,1,"111","At Risk"
"Patrick Bzostek",3032,"10","740.356","3.30",5,2,1,"521","Average Customers"
"Angele Hood",3028,"5","738.504","3.60",5,1,1,"511","Average Customers"
"Henry MacAllister",3254,"7","736.276","3.29",1,1,1,"111","At Risk"
"Patricia Hirasaki",3077,"2","729.648","5.00",3,1,1,"311","Average Customers"
"Pete Armstrong",3110,"7","729.408","4.14",2,2,1,"221","At Risk"
"Jennifer Jackson",3490,"6","709.178","4.83",1,1,1,"111","At Risk"
"Becky Pak",3096,"10","707.891","3.30",3,3,1,"331","Average Customers"
"Julia Dunbar",3307,"6","695.442","1.83",1,1,1,"111","At Risk"
"Peter Bühler",3064,"5","688.324","4.80",3,1,1,"311","Average Customers"
"Eric Hoffmann",3224,"17","684.171","3.94",2,4,1,"241","At Risk"
"Sharelle Roach",3015,"8","683.496","5.50",5,2,1,"521","Average Customers"
"Toby Ritter",3200,"7","675.942","4.43",2,1,1,"211","At Risk"
"Alex Grayson",3015,"9","660.972","2.78",5,2,1,"521","Average Customers"
"Berenike Kampe",3084,"16","659.138","4.44",3,4,1,"341","Average Customers"
"Bryan Davis",3334,"10","658.466","4.30",1,2,1,"121","At Risk"
"Anna Chung",3289,"6","657.316","3.00",1,1,1,"111","At Risk"
"Anthony Witt",3027,"8","649.376","3.25",5,2,1,"521","Average Customers"
"Lori Olson",3009,"9","644.350","3.33",5,2,1,"521","Average Customers"
"Joy Bell-",3050,"7","644.119","4.29",4,2,1,"421","Average Customers"
"Carol Darley",3061,"6","639.766","4.83",3,1,1,"311","Average Customers"
"Mathew Reese",3132,"6","639.178","3.33",2,1,1,"211","At Risk"
"Astrea Jones",3081,"5","629.248","4.40",3,1,1,"311","Average Customers"
"Ralph Ritter",3026,"4","615.932","1.25",5,1,1,"511","Average Customers"
"Shirley Schmidt",3498,"6","613.400","4.33",1,1,1,"111","At Risk"
"Bobby Elias",3105,"4","611.688","2.25",3,1,1,"311","Average Customers"
"Bobby Trafton",3567,"7","603.876","4.14",1,1,1,"111","At Risk"
"Barbara Fisher",3098,"13","599.798","4.31",3,4,1,"341","Average Customers"
"Maria Zettner",3037,"6","593.606","3.17",4,1,1,"411","Average Customers"
"Denise Leinenbach",3064,"8","585.020","2.88",3,2,1,"321","Average Customers"
"Alan Shonely",3199,"13","584.608","3.92",2,4,1,"241","At Risk"
"Brian Derr",3016,"5","582.646","4.00",5,1,1,"511","Average Customers"
"Christopher Martinez",3044,"8","576.798","4.63",4,2,1,"421","Average Customers"
"Neil Knudson",3077,"11","572.048","3.64",3,3,1,"331","Average Customers"
"Lindsay Castell",3443,"6","569.954","4.67",1,1,1,"111","At Risk"
"Carlos Meador",3715,"4","565.392","5.00",1,1,1,"111","At Risk"
"Kelly Collister",3104,"4","560.892","3.75",3,1,1,"311","Average Customers"
"Jack Garza",3765,"6","558.706","3.00",1,1,1,"111","At Risk"
"Chuck Sachs",3034,"6","550.644","5.33",4,1,1,"411","Average Customers"
"Cari Schnelling",3169,"7","537.632","4.57",2,2,1,"221","At Risk"
"Alejandro Savely",3026,"7","535.296","3.14",5,1,1,"511","Average Customers"
"Mary Zewe",3289,"9","531.322","4.11",1,2,1,"121","At Risk"
"John Huston",3181,"8","528.910","3.38",2,2,1,"221","At Risk"
"Rob Beeghly",3032,"9","528.546","3.00",5,2,1,"521","Average Customers"
"Neoma Murray",3251,"14","512.029","3.64",1,4,1,"141","At Risk"
"Andy Yotov",3021,"10","497.014","5.00",5,2,1,"521","Average Customers"
"Corey Roper",3477,"4","475.900","4.25",1,1,1,"111","At Risk"
"MaryBeth Skach",3441,"7","475.656","3.00",1,1,1,"111","At Risk"
"Joni Sundaresam",3470,"8","469.169","3.50",1,2,1,"121","At Risk"
"Erin Creighton",3060,"7","461.914","4.43",4,1,1,"411","Average Customers"
"Meg Tillman",3056,"9","460.059","4.44",4,2,1,"421","Average Customers"
"Khloe Miller",3022,"9","453.538","4.67",5,2,1,"521","Average Customers"
"Kelly Williams",3778,"5","449.096","2.20",1,1,1,"111","At Risk"
"Tim Taslimi",3413,"3","439.500","3.67",1,1,1,"111","At Risk"
"Shui Tom",3132,"12","433.340","4.50",2,3,1,"231","At Risk"
"Vivek Grady",3293,"6","427.372","4.33",1,1,1,"111","At Risk"
"Pauline Johnson",3141,"9","424.304","2.00",2,2,1,"221","At Risk"
"Sonia Sunley",3439,"9","418.490","3.78",1,2,1,"121","At Risk"
"Brad Thomas",3666,"3","415.196","2.67",1,1,1,"111","At Risk"
"Mark Haberlin",3383,"9","400.016","4.56",1,2,1,"121","At Risk"
"Barry Weirich",3219,"3","385.516","4.67",2,1,1,"211","At Risk"
"Joy Daniels",3119,"11","385.430","3.82",2,3,1,"231","At Risk"
"Jason Klamczynski",3294,"4","383.812","4.50",1,1,1,"111","At Risk"
"Vivian Mathis",3124,"8","380.690","2.00",2,2,1,"221","At Risk"
"Neil Französisch",3532,"4","377.162","4.00",1,1,1,"111","At Risk"
"Melanie Seite",3459,"5","370.348","4.20",1,1,1,"111","At Risk"
"Lycoris Saunders",3784,"6","368.880","4.00",1,1,1,"111","At Risk"
"Aleksandra Gannaway",3125,"5","367.548","5.60",2,1,1,"211","At Risk"
"Evan Minnotte",3165,"4","366.822","5.25",2,1,1,"211","At Risk"
"Heather Jas",3133,"6","358.100","2.17",2,1,1,"211","At Risk"
"Don Weiss",3105,"9","344.080","3.67",3,2,1,"321","Average Customers"
"Larry Tron",3033,"3","329.876","3.67",4,1,1,"411","Average Customers"
"Brendan Dodson",3285,"4","320.540","4.00",1,1,1,"111","At Risk"
"Lisa Hazard",3246,"6","318.239","2.33",1,1,1,"111","At Risk"
"Jennifer Halladay",3012,"7","309.281","3.71",5,1,1,"511","Average Customers"
"Jill Matthias",3007,"7","303.948","4.00",5,1,1,"511","Average Customers"
"Chuck Magee",3443,"9","287.990","2.89",1,2,1,"121","At Risk"
"Larry Hughes",3158,"3","287.426","3.33",2,1,1,"211","At Risk"
"Sung Chung",3138,"4","280.632","4.00",2,1,1,"211","At Risk"
"Stuart Calhoun",3037,"5","279.256","2.60",4,1,1,"411","Average Customers"
"Nicole Brennan",4172,"2","273.872","4.50",1,1,1,"111","At Risk"
"Bart Folk",3032,"6","272.950","3.50",5,1,1,"511","Average Customers"
"Jenna Caffey",3182,"3","271.628","7.00",2,1,1,"211","At Risk"
"Dorothy Dickinson",3048,"9","269.542","3.78",4,2,1,"421","Average Customers"
"Brad Norvell",3031,"6","265.296","4.17",5,1,1,"511","Average Customers"
"Andrew Roberts",3021,"7","264.864","3.71",5,1,1,"511","Average Customers"
"Harold Dahlen",3776,"7","251.360","3.71",1,2,1,"121","At Risk"
"Sally Matthias",3428,"6","244.494","4.50",1,1,1,"111","At Risk"
"Paul Lucas",3022,"8","239.481","5.75",5,2,1,"521","Average Customers"
"Guy Phonely",3772,"5","236.530","4.00",1,1,1,"111","At Risk"
"Erin Mull",3054,"6","228.990","4.33",4,1,1,"411","Average Customers"
"Nora Pelletier",3413,"6","228.718","4.00",1,1,1,"111","At Risk"
"Guy Thornton",3041,"7","226.436","4.71",4,2,1,"421","Average Customers"
"Robert Barroso",3655,"7","221.084","4.43",1,2,1,"121","At Risk"
"Hilary Holden",3079,"6","218.668","3.33",3,1,1,"311","Average Customers"
"Allen Goldenen",3121,"8","200.945","2.88",2,2,1,"221","At Risk"
"Joel Jenkins",3760,"3","195.000","3.33",1,1,1,"111","At Risk"
"Anthony Garverick",3084,"5","170.584","3.60",3,1,1,"311","Average Customers"
"Muhammed Lee",3107,"3","162.232","1.33",3,1,1,"311","Average Customers"
"Anthony O'Donnell",3508,"1","161.280","3.00",1,1,1,"111","At Risk"
"Pete Takahito",3078,"7","160.572","2.14",3,1,1,"311","Average Customers"
"Dianna Arnett",3359,"8","156.760","4.25",1,2,1,"121","At Risk"
"Michael Oakman",3187,"4","154.288","5.25",2,1,1,"211","At Risk"
"Greg Hansen",3009,"3","146.941","4.00",5,1,1,"511","Average Customers"
"Phillip Breyer",3695,"2","132.738","3.50",1,1,1,"111","At Risk"
"Bobby Odegard",3082,"2","130.830","6.00",3,1,1,"311","Average Customers"
"Ed Ludwig",3084,"2","124.280","4.50",3,1,1,"311","Average Customers"
"Clay Cheatham",3034,"4","113.832","3.75",4,1,1,"411","Average Customers"
"Roland Murray",3306,"2","98.350","5.00",1,1,1,"111","At Risk"
"Karen Seio",3302,"4","88.472","4.50",1,1,1,"111","At Risk"
"Anemone Ratner",3541,"2","88.150","5.00",1,1,1,"111","At Risk"
"Fred Wasserman",3369,"3","79.750","3.00",1,1,1,"111","At Risk"
"Ionia McGrath",3416,"3","72.670","2.00",1,1,1,"111","At Risk"
"Jasper Cacioppo",3121,"4","71.263","5.00",2,1,1,"211","At Risk"
"Adrian Shami",3048,"3","58.820","4.00",4,1,1,"411","Average Customers"
"Larry Blacks",3055,"3","50.188","2.67",4,1,1,"411","Average Customers"
"Ricardo Emerson",4104,"1","48.360","2.00",1,1,1,"111","At Risk"
"Susan Gilcrest",3233,"5","47.946","4.00",1,1,1,"111","At Risk"
"Roy Skaria",3026,"3","22.328","3.33",5,1,1,"511","Average Customers"
"Mitch Gastineau",3271,"2","16.739","4.00",1,1,1,"111","At Risk"
"Carl Jackson",3372,"1","16.520","3.00",1,1,1,"111","At Risk"
"Lela Donovan",3559,"1","5.304","4.00",1,1,1,"111","At Risk"
"Thais Sissman",3364,"2","4.833","3.50",1,1,1,"111","At Risk"
